scenario,flow_type,strategy_name,regime,seed,seed_index,quotes_submitted,quotes_canceled_or_replaced,quotes_filled,partial_fills,full_fills,fill_rate_by_quote_count,fill_rate_by_submitted_size,average_quote_lifetime,median_quote_lifetime,average_initial_queue_ahead,median_initial_queue_ahead,percent_quotes_submitted_at_best,percent_quote_lifetime_spent_at_best,external_execution_events_count,external_executed_volume,external_executed_volume_at_maker_quoted_price,maker_eligible_execution_events,maker_reached_by_execution_events,maker_missed_due_to_queue_events,maker_missed_due_to_no_opposite_flow,maker_missed_due_to_quote_not_at_touched_price,maker_missed_due_to_cancellation_or_replacement_before_execution,hard_cap_bid_blocks,hard_cap_ask_blocks
hand_chosen_flow,hand_chosen,avellaneda stoikov,high volatility,10002,7,500,166,333,14,319,0.666,0.6488,5.642,6,13.414,0,0.998,0.998,618,30852,17294,337,347,7,1,264,166,0,0
hand_chosen_flow,hand_chosen,avellaneda stoikov,high volatility,11002,8,500,170,329,15,314,0.658,0.644,5.762,6,7.776,0,0.998,0.998,600,30896,17156,332,340,6,1,253,170,0,0
hand_chosen_flow,hand_chosen,avellaneda stoikov,high volatility,12002,9,500,203,295,18,277,0.59,0.5716,5.994,6,32.058,0,0.912,0.912,609,31362,15420,302,310,3,1,292,203,0,0
hand_chosen_flow,hand_chosen,avellaneda stoikov,high volatility,3002,0,500,212,287,18,269,0.574,0.5554,6.402,8,10.418,0,0.922,0.922,572,28919,14565,288,300,3,0,268,212,0,0
hand_chosen_flow,hand_chosen,avellaneda stoikov,high volatility,4002,1,500,196,303,16,287,0.606,0.5836,6.072,6,22.802,0,0.974,0.974,592,30056,16204,322,319,9,0,264,196,0,0
hand_chosen_flow,hand_chosen,avellaneda stoikov,high volatility,5002,2,500,216,283,21,262,0.566,0.544,6.352,8,18.888,0,0.896,0.896,660,33592,15072,301,302,9,1,348,216,0,0
hand_chosen_flow,hand_chosen,avellaneda stoikov,high volatility,6002,3,500,188,310,16,294,0.62,0.605,5.986,7,41.968,0,0.974,0.974,641,31032,15823,334,338,8,1,295,188,0,0
hand_chosen_flow,hand_chosen,avellaneda stoikov,high volatility,7002,4,500,173,326,11,315,0.652,0.64,5.66,6,11.94,0,0.986,0.986,618,32127,17796,337,339,6,0,273,173,0,0
hand_chosen_flow,hand_chosen,avellaneda stoikov,high volatility,8002,5,500,230,268,13,255,0.536,0.5246,6.402,8,31.992,0,0.826,0.826,606,31114,14469,274,274,6,0,326,230,0,0
hand_chosen_flow,hand_chosen,avellaneda stoikov,high volatility,9002,6,500,218,281,12,269,0.562,0.5544,6.406,8,26.716,0,0.848,0.848,619,32003,15378,292,292,9,0,317,218,0,0
hand_chosen_flow,hand_chosen,avellaneda stoikov,low volatility,10001,7,500,139,360,18,342,0.72,0.7016,5.286,5,0.2,0,1,1,592,29707,18504,371,371,0,1,221,139,0,0
hand_chosen_flow,hand_chosen,avellaneda stoikov,low volatility,11001,8,500,118,382,26,356,0.764,0.7332,5.048,5,0,0,1,1,629,30664,19900,405,405,0,0,224,118,0,0
hand_chosen_flow,hand_chosen,avellaneda stoikov,low volatility,12001,9,500,143,355,17,338,0.71,0.6914,5.404,5,0.004,0,1,1,596,30529,18709,374,374,0,2,221,143,0,0
hand_chosen_flow,hand_chosen,avellaneda stoikov,low volatility,3001,0,500,126,373,17,356,0.746,0.7284,5.086,4,0,0,1,1,647,32478,20003,397,397,0,1,250,126,0,0
hand_chosen_flow,hand_chosen,avellaneda stoikov,low volatility,4001,1,500,112,387,14,373,0.774,0.7614,4.864,4,0,0,1,1,666,32666,20380,405,405,0,1,259,112,0,0
hand_chosen_flow,hand_chosen,avellaneda stoikov,low volatility,5001,2,500,122,378,23,355,0.756,0.7304,5.152,5,0,0,1,1,630,31822,19683,393,393,0,0,234,122,0,0
hand_chosen_flow,hand_chosen,avellaneda stoikov,low volatility,6001,3,500,127,373,9,364,0.746,0.7354,5.11,5,0,0,1,1,651,32494,19817,392,392,0,0,259,127,0,0
hand_chosen_flow,hand_chosen,avellaneda stoikov,low volatility,7001,4,500,143,356,18,338,0.712,0.6936,5.29,5,0,0,1,1,603,29777,18013,372,372,0,1,231,143,0,0
hand_chosen_flow,hand_chosen,avellaneda stoikov,low volatility,8001,5,500,125,374,20,354,0.748,0.7286,5.168,5,0.002,0,1,1,599,31236,19502,384,384,0,1,213,125,0,0
hand_chosen_flow,hand_chosen,avellaneda stoikov,low volatility,9001,6,500,141,358,16,342,0.716,0.6966,5.152,5,0,0,1,1,623,32442,19972,378,378,0,1,240,141,0,0
hand_chosen_flow,hand_chosen,avellaneda stoikov,trending,10003,7,500,124,376,10,366,0.752,0.7408,5.126,5,0.194,0,1,1,652,33517,20003,395,399,0,0,253,124,0,0
hand_chosen_flow,hand_chosen,avellaneda stoikov,trending,11003,8,500,140,360,12,348,0.72,0.7044,5.328,5,0.574,0,1,1,610,30274,19348,377,379,1,0,230,140,0,0
hand_chosen_flow,hand_chosen,avellaneda stoikov,trending,12003,9,500,137,363,15,348,0.726,0.7116,5.228,5,0.306,0,1,1,649,32345,19143,377,379,1,0,269,137,0,0
hand_chosen_flow,hand_chosen,avellaneda stoikov,trending,3003,0,500,142,357,19,338,0.714,0.6966,5.312,5,3.142,0,1,1,606,30129,18108,373,372,4,0,230,142,0,0
hand_chosen_flow,hand_chosen,avellaneda stoikov,trending,4003,1,500,167,332,26,306,0.664,0.638,5.646,6,14.934,0,1,1,596,30027,17156,341,344,1,0,251,167,0,0
hand_chosen_flow,hand_chosen,avellaneda stoikov,trending,5003,2,500,161,338,14,324,0.676,0.6642,5.602,5.5,18.736,0,0.984,0.984,623,32148,17976,363,354,9,0,260,161,0,0
hand_chosen_flow,hand_chosen,avellaneda stoikov,trending,6003,3,500,147,353,12,341,0.706,0.6932,5.474,5,1.08,0,1,1,600,30390,18406,364,367,3,0,230,147,0,0
hand_chosen_flow,hand_chosen,avellaneda stoikov,trending,7003,4,500,130,370,21,349,0.74,0.718,5.168,5,6.824,0,1,1,628,31002,19024,385,384,1,0,243,130,0,0
hand_chosen_flow,hand_chosen,avellaneda stoikov,trending,8003,5,500,129,371,19,352,0.742,0.7222,5.256,5,5.312,0,1,1,626,33040,20508,389,391,0,0,234,129,0,0
hand_chosen_flow,hand_chosen,avellaneda stoikov,trending,9003,6,500,166,333,14,319,0.666,0.652,5.678,6,17.43,0,1,1,594,29256,16994,351,347,7,0,239,166,0,0
hand_chosen_flow,hand_chosen,naive symmetric,high volatility,10002,7,500,170,329,15,314,0.658,0.6404,5.706,6,12.256,0,0.998,0.998,618,30852,17343,338,343,11,1,264,170,0,0
hand_chosen_flow,hand_chosen,naive symmetric,high volatility,11002,8,500,174,325,14,311,0.65,0.6378,5.824,6,8.048,0,0.998,0.998,600,30896,17045,330,336,7,1,256,174,0,0
hand_chosen_flow,hand_chosen,naive symmetric,high volatility,12002,9,500,204,294,18,276,0.588,0.5696,6.008,6,34.084,0,0.912,0.912,609,31362,15332,301,309,4,1,292,204,0,0
hand_chosen_flow,hand_chosen,naive symmetric,high volatility,3002,0,500,214,285,16,269,0.57,0.5518,6.43,8,12.13,0,0.922,0.922,572,28919,14607,290,298,5,0,268,214,0,0
hand_chosen_flow,hand_chosen,naive symmetric,high volatility,4002,1,500,199,300,15,285,0.6,0.579,6.12,7,22.686,0,0.974,0.974,592,30056,15869,316,315,8,0,269,199,0,0
hand_chosen_flow,hand_chosen,naive symmetric,high volatility,5002,2,500,221,278,20,258,0.556,0.5354,6.384,8,20.142,0,0.896,0.896,660,33592,14781,294,297,8,1,354,221,0,0
hand_chosen_flow,hand_chosen,naive symmetric,high volatility,6002,3,500,194,304,18,286,0.608,0.5908,6.078,7,38.388,0,0.974,0.974,641,31032,15775,333,332,13,2,296,194,0,0
hand_chosen_flow,hand_chosen,naive symmetric,high volatility,7002,4,500,176,323,11,312,0.646,0.634,5.706,6,12.346,0,0.986,0.986,618,32127,17580,334,336,7,0,275,176,0,0
hand_chosen_flow,hand_chosen,naive symmetric,high volatility,8002,5,500,233,265,12,253,0.53,0.5196,6.438,8,30.296,0,0.826,0.826,606,31114,14433,272,270,8,0,328,233,0,0
hand_chosen_flow,hand_chosen,naive symmetric,high volatility,9002,6,500,220,279,11,268,0.558,0.5508,6.43,8,27.638,0,0.848,0.848,619,32003,15186,286,290,5,0,323,220,0,0
hand_chosen_flow,hand_chosen,naive symmetric,low volatility,10001,7,500,139,360,18,342,0.72,0.7016,5.286,5,0.034,0,1,1,592,29707,18504,371,371,0,1,221,139,0,0
hand_chosen_flow,hand_chosen,naive symmetric,low volatility,11001,8,500,118,382,26,356,0.764,0.7332,5.048,5,0,0,1,1,629,30664,19900,405,405,0,0,224,118,0,0
hand_chosen_flow,hand_chosen,naive symmetric,low volatility,12001,9,500,143,355,17,338,0.71,0.6914,5.404,5,0.098,0,1,1,596,30529,18709,374,374,0,2,221,143,0,0
hand_chosen_flow,hand_chosen,naive symmetric,low volatility,3001,0,500,126,373,17,356,0.746,0.7284,5.086,4,0,0,1,1,647,32478,20003,397,397,0,1,250,126,0,0
hand_chosen_flow,hand_chosen,naive symmetric,low volatility,4001,1,500,112,387,14,373,0.774,0.7614,4.864,4,0.016,0,1,1,666,32666,20380,405,405,0,1,259,112,0,0
hand_chosen_flow,hand_chosen,naive symmetric,low volatility,5001,2,500,122,378,23,355,0.756,0.7304,5.152,5,0,0,1,1,630,31822,19683,393,393,0,0,234,122,0,0
hand_chosen_flow,hand_chosen,naive symmetric,low volatility,6001,3,500,127,373,9,364,0.746,0.7354,5.11,5,0,0,1,1,651,32494,19817,392,392,0,0,259,127,0,0
hand_chosen_flow,hand_chosen,naive symmetric,low volatility,7001,4,500,143,356,18,338,0.712,0.6936,5.29,5,0.016,0,1,1,603,29777,18013,372,372,0,1,231,143,0,0
hand_chosen_flow,hand_chosen,naive symmetric,low volatility,8001,5,500,125,374,20,354,0.748,0.7286,5.168,5,0.176,0,1,1,599,31236,19433,383,384,0,1,213,125,0,0
hand_chosen_flow,hand_chosen,naive symmetric,low volatility,9001,6,500,141,358,16,342,0.716,0.6966,5.152,5,0,0,1,1,623,32442,19972,378,378,0,1,240,141,0,0
hand_chosen_flow,hand_chosen,naive symmetric,trending,10003,7,500,125,375,10,365,0.75,0.7388,5.134,5,0.452,0,1,1,652,33517,19980,395,399,1,0,252,125,0,0
hand_chosen_flow,hand_chosen,naive symmetric,trending,11003,8,500,142,358,11,347,0.716,0.7016,5.356,5,0.404,0,1,1,610,30274,19234,375,376,3,0,231,142,0,0
hand_chosen_flow,hand_chosen,naive symmetric,trending,12003,9,500,139,361,15,346,0.722,0.7076,5.246,5,0.866,0,1,1,649,32345,19206,377,377,2,0,270,139,0,0
hand_chosen_flow,hand_chosen,naive symmetric,trending,3003,0,500,145,354,19,335,0.708,0.6906,5.362,5,4.722,0,1,1,606,30129,18367,378,368,13,0,225,145,0,0
hand_chosen_flow,hand_chosen,naive symmetric,trending,4003,1,500,169,330,26,304,0.66,0.634,5.688,6,14.03,0,1,1,596,30027,17026,339,342,3,0,251,169,0,0
hand_chosen_flow,hand_chosen,naive symmetric,trending,5003,2,500,163,336,15,321,0.672,0.6588,5.642,6,21.212,0,0.984,0.984,623,32148,17698,361,352,10,0,261,163,0,0
hand_chosen_flow,hand_chosen,naive symmetric,trending,6003,3,500,147,353,12,341,0.706,0.6932,5.474,5,0.746,0,1,1,600,30390,18203,361,367,2,0,231,147,0,0
hand_chosen_flow,hand_chosen,naive symmetric,trending,7003,4,500,132,368,20,348,0.736,0.7156,5.194,5,7.726,0,1,1,628,31002,18914,383,382,1,0,245,132,0,0
hand_chosen_flow,hand_chosen,naive symmetric,trending,8003,5,500,131,369,18,351,0.738,0.7194,5.29,5,5.768,0,1,1,626,33040,20322,386,389,2,0,234,131,0,0
hand_chosen_flow,hand_chosen,naive symmetric,trending,9003,6,500,170,329,14,315,0.658,0.644,5.72,6,18.506,0,1,1,594,29256,16740,349,344,9,0,240,170,0,0
increased_execution_intensity_10x,itch_calibrated,avellaneda stoikov,high volatility,10002,7,500,411,87,1,86,0.174,0.1726,8.956,10,4.198,0,1,1,96,124474,104544,84,87,0,2,9,411,0,0
increased_execution_intensity_10x,itch_calibrated,avellaneda stoikov,high volatility,11002,8,500,416,82,0,82,0.164,0.164,9.14,10,18.856,0,0.996,0.996,90,123543,111134,80,81,0,2,8,416,0,0
increased_execution_intensity_10x,itch_calibrated,avellaneda stoikov,high volatility,12002,9,500,413,85,1,84,0.17,0.169,9.064,10,13.178,0,0.998,0.998,96,125444,111338,84,85,0,2,11,413,0,0
increased_execution_intensity_10x,itch_calibrated,avellaneda stoikov,high volatility,3002,0,500,384,114,0,114,0.228,0.228,8.612,10,21.606,0,1,1,126,172952,158044,113,114,0,2,11,384,0,0
increased_execution_intensity_10x,itch_calibrated,avellaneda stoikov,high volatility,4002,1,500,409,89,0,89,0.178,0.178,8.956,10,52.718,0,0.966,0.966,121,160923,116930,84,89,1,2,30,409,0,0
increased_execution_intensity_10x,itch_calibrated,avellaneda stoikov,high volatility,5002,2,500,413,86,0,86,0.172,0.172,9.036,10,29.122,0,0.994,0.994,102,126986,103653,85,86,2,0,13,413,0,0
increased_execution_intensity_10x,itch_calibrated,avellaneda stoikov,high volatility,6002,3,500,401,98,0,98,0.196,0.196,8.944,10,24.634,0,1,1,107,148280,139851,101,98,3,1,5,401,0,0
increased_execution_intensity_10x,itch_calibrated,avellaneda stoikov,high volatility,7002,4,500,402,96,0,96,0.192,0.192,8.934,10,13.022,0,1,1,107,148395,123597,93,96,0,2,11,402,0,0
increased_execution_intensity_10x,itch_calibrated,avellaneda stoikov,high volatility,8002,5,500,401,97,1,96,0.194,0.193,8.892,10,55.436,0,1,1,112,158141,124996,91,97,2,2,13,401,0,0
increased_execution_intensity_10x,itch_calibrated,avellaneda stoikov,high volatility,9002,6,500,421,77,0,77,0.154,0.154,9.064,10,59.124,0,0.966,0.966,99,132917,98490,73,77,1,2,21,421,0,0
increased_execution_intensity_10x,itch_calibrated,avellaneda stoikov,low volatility,10001,7,500,399,100,1,99,0.2,0.1994,8.882,10,0,0,1,1,111,161153,147014,100,100,0,1,10,399,0,0
increased_execution_intensity_10x,itch_calibrated,avellaneda stoikov,low volatility,11001,8,500,398,100,0,100,0.2,0.2,8.804,10,0,0,1,1,116,160692,139908,99,100,0,2,16,398,0,0
increased_execution_intensity_10x,itch_calibrated,avellaneda stoikov,low volatility,12001,9,500,405,94,0,94,0.188,0.188,9.002,10,8.938,0,1,1,103,132111,125018,95,94,1,1,8,405,0,0
increased_execution_intensity_10x,itch_calibrated,avellaneda stoikov,low volatility,3001,0,500,400,98,0,98,0.196,0.196,8.828,10,14.638,0,1,1,110,139851,123221,99,98,1,2,11,400,0,0
increased_execution_intensity_10x,itch_calibrated,avellaneda stoikov,low volatility,4001,1,500,413,86,0,86,0.172,0.172,9.082,10,7.414,0,1,1,96,129363,114820,86,86,1,1,9,413,0,0
increased_execution_intensity_10x,itch_calibrated,avellaneda stoikov,low volatility,5001,2,500,399,100,0,100,0.2,0.2,8.924,10,5.974,0,1,1,109,140431,130386,100,100,0,1,8,399,0,0
increased_execution_intensity_10x,itch_calibrated,avellaneda stoikov,low volatility,6001,3,500,408,90,1,89,0.18,0.1792,8.968,10,0,0,1,1,95,116942,112683,90,90,0,2,4,408,0,0
increased_execution_intensity_10x,itch_calibrated,avellaneda stoikov,low volatility,7001,4,500,389,110,0,110,0.22,0.22,8.764,10,0,0,1,1,123,159503,143867,110,110,0,1,8,389,0,0
increased_execution_intensity_10x,itch_calibrated,avellaneda stoikov,low volatility,8001,5,500,408,91,0,91,0.182,0.182,9.024,10,23.984,0,1,1,98,119117,114410,93,92,1,1,5,408,0,0
increased_execution_intensity_10x,itch_calibrated,avellaneda stoikov,low volatility,9001,6,500,393,106,0,106,0.212,0.212,8.728,10,0.434,0,1,1,118,151631,139686,106,106,0,1,12,393,0,0
increased_execution_intensity_10x,itch_calibrated,avellaneda stoikov,trending,10003,7,500,409,89,0,89,0.178,0.178,9.022,10,4.804,0,1,1,95,126788,117726,89,89,0,2,6,409,0,0
increased_execution_intensity_10x,itch_calibrated,avellaneda stoikov,trending,11003,8,500,418,80,0,80,0.16,0.16,9.118,10,7.532,0,1,1,86,104705,96226,79,80,0,2,5,418,0,0
increased_execution_intensity_10x,itch_calibrated,avellaneda stoikov,trending,12003,9,500,400,98,0,98,0.196,0.196,8.862,10,20.788,0,1,1,110,137725,126580,100,99,1,2,7,400,0,0
increased_execution_intensity_10x,itch_calibrated,avellaneda stoikov,trending,3003,0,500,398,100,1,99,0.2,0.1982,8.932,10,11.85,0,1,1,108,139887,130827,102,101,1,2,5,398,0,0
increased_execution_intensity_10x,itch_calibrated,avellaneda stoikov,trending,4003,1,500,421,77,1,76,0.154,0.1522,8.984,10,9.588,0,1,1,89,121559,101865,75,77,0,2,10,421,0,0
increased_execution_intensity_10x,itch_calibrated,avellaneda stoikov,trending,5003,2,500,405,93,0,93,0.186,0.186,8.944,10,3.492,0,1,1,100,134407,123476,93,93,0,2,5,405,0,0
increased_execution_intensity_10x,itch_calibrated,avellaneda stoikov,trending,6003,3,500,411,87,0,87,0.174,0.174,9.002,10,1.186,0,1,1,102,140645,114353,87,87,0,2,14,411,0,0
increased_execution_intensity_10x,itch_calibrated,avellaneda stoikov,trending,7003,4,500,392,107,0,107,0.214,0.214,8.704,10,19.152,0,1,1,123,157007,140559,106,107,0,1,12,392,0,0
increased_execution_intensity_10x,itch_calibrated,avellaneda stoikov,trending,8003,5,500,397,102,0,102,0.204,0.204,8.92,10,6.868,0,1,1,111,140828,131799,102,102,0,1,8,397,0,0
increased_execution_intensity_10x,itch_calibrated,avellaneda stoikov,trending,9003,6,500,396,103,0,103,0.206,0.206,8.78,10,2.15,0,1,1,115,142574,127777,102,104,0,1,10,396,0,0
increased_execution_intensity_10x,itch_calibrated,naive symmetric,high volatility,10002,7,500,411,87,1,86,0.174,0.1726,8.956,10,9.998,0,1,1,96,124474,104544,84,87,0,2,9,411,0,0
increased_execution_intensity_10x,itch_calibrated,naive symmetric,high volatility,11002,8,500,416,82,0,82,0.164,0.164,9.14,10,29.378,0,0.996,0.996,90,123543,111134,80,81,0,2,8,416,0,0
increased_execution_intensity_10x,itch_calibrated,naive symmetric,high volatility,12002,9,500,414,84,1,83,0.168,0.167,9.084,10,11.514,0,0.998,0.998,96,125444,111338,84,84,1,2,11,414,0,0
increased_execution_intensity_10x,itch_calibrated,naive symmetric,high volatility,3002,0,500,384,114,0,114,0.228,0.228,8.612,10,12.434,0,1,1,126,172952,158044,113,114,0,2,11,384,0,0
increased_execution_intensity_10x,itch_calibrated,naive symmetric,high volatility,4002,1,500,411,87,0,87,0.174,0.174,8.976,10,54.036,0,0.966,0.966,121,160923,116105,83,87,2,2,31,411,0,0
increased_execution_intensity_10x,itch_calibrated,naive symmetric,high volatility,5002,2,500,413,86,0,86,0.172,0.172,9.036,10,22.526,0,0.994,0.994,102,126986,102122,83,86,1,1,14,413,0,0
increased_execution_intensity_10x,itch_calibrated,naive symmetric,high volatility,6002,3,500,401,98,0,98,0.196,0.196,8.944,10,26.38,0,1,1,107,148280,139851,101,98,3,1,5,401,0,0
increased_execution_intensity_10x,itch_calibrated,naive symmetric,high volatility,7002,4,500,404,94,0,94,0.188,0.188,8.96,10,23.6,0,1,1,107,148395,119920,91,94,2,2,11,404,0,0
increased_execution_intensity_10x,itch_calibrated,naive symmetric,high volatility,8002,5,500,402,96,1,95,0.192,0.191,8.896,10,52.09,0,1,1,112,158141,122516,89,96,3,2,13,402,0,0
increased_execution_intensity_10x,itch_calibrated,naive symmetric,high volatility,9002,6,500,421,77,0,77,0.154,0.154,9.064,10,45.598,0,0.966,0.966,99,132917,97300,71,77,0,2,22,421,0,0
increased_execution_intensity_10x,itch_calibrated,naive symmetric,low volatility,10001,7,500,399,100,1,99,0.2,0.1994,8.882,10,7.072,0,1,1,111,161153,147014,100,100,0,1,10,399,0,0
increased_execution_intensity_10x,itch_calibrated,naive symmetric,low volatility,11001,8,500,398,100,0,100,0.2,0.2,8.804,10,0,0,1,1,116,160692,139908,99,100,0,2,16,398,0,0
increased_execution_intensity_10x,itch_calibrated,naive symmetric,low volatility,12001,9,500,405,94,0,94,0.188,0.188,9.002,10,9.084,0,1,1,103,132111,123509,94,94,0,1,9,405,0,0
increased_execution_intensity_10x,itch_calibrated,naive symmetric,low volatility,3001,0,500,401,97,0,97,0.194,0.194,8.838,10,23.542,0,1,1,110,139851,120856,97,97,1,2,12,401,0,0
increased_execution_intensity_10x,itch_calibrated,naive symmetric,low volatility,4001,1,500,413,86,0,86,0.172,0.172,9.082,10,9.54,0,1,1,96,129363,114820,86,86,1,1,9,413,0,0
increased_execution_intensity_10x,itch_calibrated,naive symmetric,low volatility,5001,2,500,399,100,0,100,0.2,0.2,8.924,10,7.05,0,1,1,109,140431,130386,100,100,0,1,8,399,0,0
increased_execution_intensity_10x,itch_calibrated,naive symmetric,low volatility,6001,3,500,408,90,1,89,0.18,0.1792,8.968,10,1.244,0,1,1,95,116942,112683,90,90,0,2,4,408,0,0
increased_execution_intensity_10x,itch_calibrated,naive symmetric,low volatility,7001,4,500,389,110,0,110,0.22,0.22,8.764,10,1.33,0,1,1,123,159503,143867,110,110,0,1,8,389,0,0
increased_execution_intensity_10x,itch_calibrated,naive symmetric,low volatility,8001,5,500,408,91,0,91,0.182,0.182,9.024,10,29.27,0,1,1,98,119117,114410,93,92,1,1,5,408,0,0
increased_execution_intensity_10x,itch_calibrated,naive symmetric,low volatility,9001,6,500,394,105,0,105,0.21,0.21,8.744,10,4.066,0,1,1,118,151631,139686,106,105,1,1,12,394,0,0
increased_execution_intensity_10x,itch_calibrated,naive symmetric,trending,10003,7,500,409,89,0,89,0.178,0.178,9.022,10,0,0,1,1,95,126788,117726,89,89,0,2,6,409,0,0
increased_execution_intensity_10x,itch_calibrated,naive symmetric,trending,11003,8,500,418,80,0,80,0.16,0.16,9.118,10,5.684,0,1,1,86,104705,96226,79,80,0,2,5,418,0,0
increased_execution_intensity_10x,itch_calibrated,naive symmetric,trending,12003,9,500,400,98,0,98,0.196,0.196,8.862,10,11.866,0,1,1,110,137725,124064,99,99,1,2,7,400,0,0
increased_execution_intensity_10x,itch_calibrated,naive symmetric,trending,3003,0,500,398,100,1,99,0.2,0.1982,8.932,10,11.746,0,1,1,108,139887,130564,101,101,1,2,5,398,0,0
increased_execution_intensity_10x,itch_calibrated,naive symmetric,trending,4003,1,500,421,77,1,76,0.154,0.1522,8.984,10,5.788,0,1,1,89,121559,101865,75,77,0,2,10,421,0,0
increased_execution_intensity_10x,itch_calibrated,naive symmetric,trending,5003,2,500,405,93,0,93,0.186,0.186,8.944,10,0,0,1,1,100,134407,123476,93,93,0,2,5,405,0,0
increased_execution_intensity_10x,itch_calibrated,naive symmetric,trending,6003,3,500,412,86,0,86,0.172,0.172,9.018,10,7.166,0,1,1,102,140645,114353,87,86,1,2,14,412,0,0
increased_execution_intensity_10x,itch_calibrated,naive symmetric,trending,7003,4,500,392,107,0,107,0.214,0.214,8.704,10,28.636,0,1,1,123,157007,140559,106,107,0,1,12,392,0,0
increased_execution_intensity_10x,itch_calibrated,naive symmetric,trending,8003,5,500,397,102,0,102,0.204,0.204,8.92,10,7.72,0,1,1,111,140828,131799,102,102,0,1,8,397,0,0
increased_execution_intensity_10x,itch_calibrated,naive symmetric,trending,9003,6,500,396,103,0,103,0.206,0.206,8.78,10,3.618,0,1,1,115,142574,127777,102,104,0,1,10,396,0,0
increased_execution_intensity_2x,itch_calibrated,avellaneda stoikov,high volatility,10002,7,500,478,20,0,20,0.04,0.04,9.754,10,29.392,0,0.992,0.992,22,30894,26757,19,20,0,2,2,478,0,0
increased_execution_intensity_2x,itch_calibrated,avellaneda stoikov,high volatility,11002,8,500,479,19,0,19,0.038,0.038,9.782,10,82.378,0,0.97,0.97,25,34298,23598,17,19,0,2,6,479,0,0
increased_execution_intensity_2x,itch_calibrated,avellaneda stoikov,high volatility,12002,9,500,484,14,0,14,0.028,0.028,9.856,10,41.33,0,0.996,0.996,16,21427,17316,13,14,0,2,2,484,0,0
increased_execution_intensity_2x,itch_calibrated,avellaneda stoikov,high volatility,3002,0,500,475,23,0,23,0.046,0.046,9.744,10,42.504,0,1,1,25,33560,29473,22,23,0,2,2,475,0,0
increased_execution_intensity_2x,itch_calibrated,avellaneda stoikov,high volatility,4002,1,500,486,12,0,12,0.024,0.024,9.886,10,177.688,0,0.884,0.884,25,28768,15514,12,12,1,1,12,486,0,0
increased_execution_intensity_2x,itch_calibrated,avellaneda stoikov,high volatility,5002,2,500,486,12,0,12,0.024,0.024,9.846,10,44.44,0,0.96,0.96,14,16726,11969,11,12,1,2,1,486,0,0
increased_execution_intensity_2x,itch_calibrated,avellaneda stoikov,high volatility,6002,3,500,473,25,0,25,0.05,0.05,9.682,10,76.056,0,0.964,0.964,28,37671,34863,25,25,1,1,2,473,0,0
increased_execution_intensity_2x,itch_calibrated,avellaneda stoikov,high volatility,7002,4,500,474,24,0,24,0.048,0.048,9.746,10,68.664,0,0.956,0.956,25,36832,34348,23,24,0,1,1,474,0,0
increased_execution_intensity_2x,itch_calibrated,avellaneda stoikov,high volatility,8002,5,500,486,12,0,12,0.024,0.024,9.854,10,217.554,0,0.942,0.942,17,22308,10896,10,12,0,2,5,486,0,0
increased_execution_intensity_2x,itch_calibrated,avellaneda stoikov,high volatility,9002,6,500,482,16,0,16,0.032,0.032,9.8,10,75.128,0,0.966,0.966,21,31542,19536,14,16,0,2,5,482,0,0
increased_execution_intensity_2x,itch_calibrated,avellaneda stoikov,low volatility,10001,7,500,482,16,0,16,0.032,0.032,9.832,10,2.722,0,1,1,17,21226,20713,16,16,0,2,1,482,0,0
increased_execution_intensity_2x,itch_calibrated,avellaneda stoikov,low volatility,11001,8,500,480,18,0,18,0.036,0.036,9.824,10,126.058,0,0.996,0.996,24,34594,26816,18,18,0,2,6,480,0,0
increased_execution_intensity_2x,itch_calibrated,avellaneda stoikov,low volatility,12001,9,500,482,16,0,16,0.032,0.032,9.796,10,33.07,0,1,1,16,20420,20420,16,16,0,2,0,482,0,0
increased_execution_intensity_2x,itch_calibrated,avellaneda stoikov,low volatility,3001,0,500,476,22,0,22,0.044,0.044,9.702,10,33.23,0,1,1,24,34315,31883,22,22,1,2,1,476,0,0
increased_execution_intensity_2x,itch_calibrated,avellaneda stoikov,low volatility,4001,1,500,475,24,0,24,0.048,0.048,9.704,10,27.126,0,1,1,26,36958,35635,24,24,0,1,2,475,0,0
increased_execution_intensity_2x,itch_calibrated,avellaneda stoikov,low volatility,5001,2,500,474,24,0,24,0.048,0.048,9.692,10,24.32,0,1,1,24,30021,29400,23,24,0,2,0,474,0,0
increased_execution_intensity_2x,itch_calibrated,avellaneda stoikov,low volatility,6001,3,500,481,17,0,17,0.034,0.034,9.8,10,36.198,0,1,1,17,20076,20076,17,17,0,2,0,481,0,0
increased_execution_intensity_2x,itch_calibrated,avellaneda stoikov,low volatility,7001,4,500,475,24,0,24,0.048,0.048,9.782,10,0,0,1,1,24,27666,27666,24,24,0,1,0,475,0,0
increased_execution_intensity_2x,itch_calibrated,avellaneda stoikov,low volatility,8001,5,500,480,18,0,18,0.036,0.036,9.766,10,25.388,0,1,1,19,22844,22312,18,18,0,2,1,480,0,0
increased_execution_intensity_2x,itch_calibrated,avellaneda stoikov,low volatility,9001,6,500,479,19,0,19,0.038,0.038,9.796,10,21.466,0,1,1,23,36854,33274,20,19,1,2,3,479,0,0
increased_execution_intensity_2x,itch_calibrated,avellaneda stoikov,trending,10003,7,500,471,27,0,27,0.054,0.054,9.726,10,26.522,0,1,1,28,38628,36015,27,27,0,2,1,471,0,0
increased_execution_intensity_2x,itch_calibrated,avellaneda stoikov,trending,11003,8,500,481,17,0,17,0.034,0.034,9.85,10,18.058,0,1,1,17,23877,23877,17,17,0,2,0,481,0,0
increased_execution_intensity_2x,itch_calibrated,avellaneda stoikov,trending,12003,9,500,480,18,0,18,0.036,0.036,9.83,10,31.83,0,1,1,21,25732,21290,17,18,0,2,3,480,0,0
increased_execution_intensity_2x,itch_calibrated,avellaneda stoikov,trending,3003,0,500,480,18,0,18,0.036,0.036,9.794,10,20.64,0,1,1,20,26592,25783,19,19,0,2,1,480,0,0
increased_execution_intensity_2x,itch_calibrated,avellaneda stoikov,trending,4003,1,500,477,21,0,21,0.042,0.042,9.756,10,18.246,0,1,1,22,29725,28960,21,21,0,2,1,477,0,0
increased_execution_intensity_2x,itch_calibrated,avellaneda stoikov,trending,5003,2,500,468,30,0,30,0.06,0.06,9.708,10,11.064,0,1,1,31,40602,39797,30,30,0,2,1,468,0,0
increased_execution_intensity_2x,itch_calibrated,avellaneda stoikov,trending,6003,3,500,482,16,0,16,0.032,0.032,9.894,10,185.314,0,0.986,0.986,17,21365,18869,16,16,1,2,0,482,0,0
increased_execution_intensity_2x,itch_calibrated,avellaneda stoikov,trending,7003,4,500,475,24,0,24,0.048,0.048,9.716,10,22.64,0,1,1,26,40768,36919,24,24,0,1,1,475,0,0
increased_execution_intensity_2x,itch_calibrated,avellaneda stoikov,trending,8003,5,500,483,15,0,15,0.03,0.03,9.83,10,42.61,0,0.994,0.994,17,22559,19985,14,15,0,2,2,483,0,0
increased_execution_intensity_2x,itch_calibrated,avellaneda stoikov,trending,9003,6,500,483,15,0,15,0.03,0.03,9.824,10,100.448,0,0.992,0.992,21,23913,14517,14,15,0,2,6,483,0,0
increased_execution_intensity_2x,itch_calibrated,naive symmetric,high volatility,10002,7,500,478,20,0,20,0.04,0.04,9.754,10,45.102,0,0.992,0.992,22,30894,24193,17,20,0,2,2,478,0,0
increased_execution_intensity_2x,itch_calibrated,naive symmetric,high volatility,11002,8,500,479,19,0,19,0.038,0.038,9.782,10,97.192,0,0.97,0.97,25,34298,23598,17,19,0,2,6,479,0,0
increased_execution_intensity_2x,itch_calibrated,naive symmetric,high volatility,12002,9,500,484,14,0,14,0.028,0.028,9.856,10,36.394,0,0.996,0.996,16,21427,17316,13,14,0,2,2,484,0,0
increased_execution_intensity_2x,itch_calibrated,naive symmetric,high volatility,3002,0,500,475,23,0,23,0.046,0.046,9.744,10,56.956,0,1,1,25,33560,29473,22,23,0,2,2,475,0,0
increased_execution_intensity_2x,itch_calibrated,naive symmetric,high volatility,4002,1,500,486,12,0,12,0.024,0.024,9.886,10,185.018,0,0.884,0.884,25,28768,15514,12,12,1,2,12,486,0,0
increased_execution_intensity_2x,itch_calibrated,naive symmetric,high volatility,5002,2,500,486,12,0,12,0.024,0.024,9.846,10,43.156,0,0.96,0.96,14,16726,10209,9,12,0,2,2,486,0,0
increased_execution_intensity_2x,itch_calibrated,naive symmetric,high volatility,6002,3,500,473,25,0,25,0.05,0.05,9.682,10,97.912,0,0.964,0.964,28,37671,33074,24,25,0,1,3,473,0,0
increased_execution_intensity_2x,itch_calibrated,naive symmetric,high volatility,7002,4,500,475,23,0,23,0.046,0.046,9.764,10,67.474,0,0.956,0.956,25,36832,34348,23,23,1,1,1,475,0,0
increased_execution_intensity_2x,itch_calibrated,naive symmetric,high volatility,8002,5,500,487,11,0,11,0.022,0.022,9.868,10,204.252,0,0.942,0.942,17,22308,10896,10,11,0,2,6,487,0,0
increased_execution_intensity_2x,itch_calibrated,naive symmetric,high volatility,9002,6,500,482,16,0,16,0.032,0.032,9.8,10,82.236,0,0.966,0.966,21,31542,17806,13,16,0,2,5,482,0,0
increased_execution_intensity_2x,itch_calibrated,naive symmetric,low volatility,10001,7,500,482,16,0,16,0.032,0.032,9.832,10,0.848,0,1,1,17,21226,20713,16,16,0,2,1,482,0,0
increased_execution_intensity_2x,itch_calibrated,naive symmetric,low volatility,11001,8,500,480,18,0,18,0.036,0.036,9.824,10,148.528,0,0.996,0.996,24,34594,26816,18,18,0,2,6,480,0,0
increased_execution_intensity_2x,itch_calibrated,naive symmetric,low volatility,12001,9,500,482,16,0,16,0.032,0.032,9.796,10,53.762,0,1,1,16,20420,20420,16,16,0,2,0,482,0,0
increased_execution_intensity_2x,itch_calibrated,naive symmetric,low volatility,3001,0,500,476,22,0,22,0.044,0.044,9.702,10,36.006,0,1,1,24,34315,31327,21,22,0,2,2,476,0,0
increased_execution_intensity_2x,itch_calibrated,naive symmetric,low volatility,4001,1,500,476,23,0,23,0.046,0.046,9.722,10,39.194,0,1,1,26,36958,35635,24,23,1,1,2,476,0,0
increased_execution_intensity_2x,itch_calibrated,naive symmetric,low volatility,5001,2,500,474,24,0,24,0.048,0.048,9.692,10,37.546,0,1,1,24,30021,29400,23,24,0,2,0,474,0,0
increased_execution_intensity_2x,itch_calibrated,naive symmetric,low volatility,6001,3,500,481,17,0,17,0.034,0.034,9.8,10,54.018,0,1,1,17,20076,20076,17,17,0,2,0,481,0,0
increased_execution_intensity_2x,itch_calibrated,naive symmetric,low volatility,7001,4,500,475,24,0,24,0.048,0.048,9.782,10,4.186,0,1,1,24,27666,27666,24,24,0,1,0,475,0,0
increased_execution_intensity_2x,itch_calibrated,naive symmetric,low volatility,8001,5,500,480,18,0,18,0.036,0.036,9.766,10,29.632,0,1,1,19,22844,22312,18,18,0,2,1,480,0,0
increased_execution_intensity_2x,itch_calibrated,naive symmetric,low volatility,9001,6,500,479,19,0,19,0.038,0.038,9.796,10,60.21,0,1,1,23,36854,33274,20,19,1,2,3,479,0,0
increased_execution_intensity_2x,itch_calibrated,naive symmetric,trending,10003,7,500,471,27,0,27,0.054,0.054,9.726,10,19.004,0,1,1,28,38628,34543,26,27,0,2,1,471,0,0
increased_execution_intensity_2x,itch_calibrated,naive symmetric,trending,11003,8,500,481,17,0,17,0.034,0.034,9.85,10,10.074,0,1,1,17,23877,23877,17,17,0,2,0,481,0,0
increased_execution_intensity_2x,itch_calibrated,naive symmetric,trending,12003,9,500,480,18,0,18,0.036,0.036,9.83,10,35.992,0,1,1,21,25732,21290,17,18,0,2,3,480,0,0
increased_execution_intensity_2x,itch_calibrated,naive symmetric,trending,3003,0,500,480,18,0,18,0.036,0.036,9.794,10,22.33,0,1,1,20,26592,25783,19,19,0,2,1,480,0,0
increased_execution_intensity_2x,itch_calibrated,naive symmetric,trending,4003,1,500,477,21,0,21,0.042,0.042,9.756,10,17.754,0,1,1,22,29725,28960,21,21,0,2,1,477,0,0
increased_execution_intensity_2x,itch_calibrated,naive symmetric,trending,5003,2,500,468,30,0,30,0.06,0.06,9.708,10,21.466,0,1,1,31,40602,39797,30,30,0,1,1,468,0,0
increased_execution_intensity_2x,itch_calibrated,naive symmetric,trending,6003,3,500,483,15,0,15,0.03,0.03,9.908,10,214.68,0,0.986,0.986,17,21365,18869,16,15,1,2,1,483,0,0
increased_execution_intensity_2x,itch_calibrated,naive symmetric,trending,7003,4,500,475,24,0,24,0.048,0.048,9.716,10,40.568,0,1,1,26,40768,36919,24,24,0,1,1,475,0,0
increased_execution_intensity_2x,itch_calibrated,naive symmetric,trending,8003,5,500,483,15,0,15,0.03,0.03,9.83,10,58.42,0,0.994,0.994,17,22559,19985,14,15,0,2,2,483,0,0
increased_execution_intensity_2x,itch_calibrated,naive symmetric,trending,9003,6,500,483,15,0,15,0.03,0.03,9.824,10,96.894,0,0.992,0.992,21,23913,13078,13,15,0,2,6,483,0,0
increased_execution_intensity_5x,itch_calibrated,avellaneda stoikov,high volatility,10002,7,500,450,48,0,48,0.096,0.096,9.498,10,5.004,0,1,1,52,68267,64642,48,48,0,2,3,450,0,0
increased_execution_intensity_5x,itch_calibrated,avellaneda stoikov,high volatility,11002,8,500,462,37,0,37,0.074,0.074,9.508,10,98.48,0,0.95,0.95,48,62848,46432,35,37,1,1,10,462,0,0
increased_execution_intensity_5x,itch_calibrated,avellaneda stoikov,high volatility,12002,9,500,458,40,1,39,0.08,0.079,9.518,10,17.91,0,0.994,0.994,41,58277,56544,39,40,0,2,0,458,0,0
increased_execution_intensity_5x,itch_calibrated,avellaneda stoikov,high volatility,3002,0,500,450,48,0,48,0.096,0.096,9.47,10,19.282,0,0.998,0.998,53,71406,65532,47,48,0,2,5,450,0,0
increased_execution_intensity_5x,itch_calibrated,avellaneda stoikov,high volatility,4002,1,500,447,52,0,52,0.104,0.104,9.518,10,198.716,0,0.94,0.94,75,94885,66899,51,52,1,1,22,447,0,0
increased_execution_intensity_5x,itch_calibrated,avellaneda stoikov,high volatility,5002,2,500,460,38,0,38,0.076,0.076,9.552,10,31.712,0,0.984,0.984,40,47726,41318,35,38,0,2,2,460,0,0
increased_execution_intensity_5x,itch_calibrated,avellaneda stoikov,high volatility,6002,3,500,445,53,0,53,0.106,0.106,9.436,10,53.706,0,0.996,0.996,60,83219,70884,50,53,2,2,5,445,0,0
increased_execution_intensity_5x,itch_calibrated,avellaneda stoikov,high volatility,7002,4,500,449,50,0,50,0.1,0.1,9.466,10,59.628,0,0.97,0.97,62,86128,60873,45,50,1,0,11,449,0,0
increased_execution_intensity_5x,itch_calibrated,avellaneda stoikov,high volatility,8002,5,500,455,44,0,44,0.088,0.088,9.51,10,94.61,0,0.978,0.978,51,59996,49129,42,44,0,1,7,455,0,0
increased_execution_intensity_5x,itch_calibrated,avellaneda stoikov,high volatility,9002,6,500,461,37,0,37,0.074,0.074,9.592,10,80.58,0,0.958,0.958,51,71285,43319,33,37,2,2,12,461,0,0
increased_execution_intensity_5x,itch_calibrated,avellaneda stoikov,low volatility,10001,7,500,447,51,0,51,0.102,0.102,9.436,10,0,0,1,1,54,72556,67380,51,51,0,2,3,447,0,0
increased_execution_intensity_5x,itch_calibrated,avellaneda stoikov,low volatility,11001,8,500,451,47,0,47,0.094,0.094,9.51,10,93.764,0,1,1,53,72419,62509,47,47,3,2,3,451,0,0
increased_execution_intensity_5x,itch_calibrated,avellaneda stoikov,low volatility,12001,9,500,453,45,1,44,0.09,0.089,9.5,10,10.088,0,1,1,50,67490,60548,44,45,0,2,5,453,0,0
increased_execution_intensity_5x,itch_calibrated,avellaneda stoikov,low volatility,3001,0,500,447,51,0,51,0.102,0.102,9.352,10,13.178,0,1,1,57,75146,66307,51,51,0,2,5,447,0,0
increased_execution_intensity_5x,itch_calibrated,avellaneda stoikov,low volatility,4001,1,500,462,37,0,37,0.074,0.074,9.574,10,10.876,0,1,1,39,51431,49215,37,37,0,1,2,462,0,0
increased_execution_intensity_5x,itch_calibrated,avellaneda stoikov,low volatility,5001,2,500,439,59,1,58,0.118,0.1168,9.258,10,16.6,0,1,1,65,85374,77843,60,59,1,2,5,439,0,0
increased_execution_intensity_5x,itch_calibrated,avellaneda stoikov,low volatility,6001,3,500,449,49,0,49,0.098,0.098,9.564,10,7.244,0,1,1,49,56341,54222,48,49,0,2,0,449,0,0
increased_execution_intensity_5x,itch_calibrated,avellaneda stoikov,low volatility,7001,4,500,443,56,0,56,0.112,0.112,9.382,10,0,0,1,1,57,74377,73479,56,56,0,1,1,443,0,0
increased_execution_intensity_5x,itch_calibrated,avellaneda stoikov,low volatility,8001,5,500,454,45,0,45,0.09,0.09,9.518,10,11.612,0,1,1,46,54400,52982,45,45,0,1,1,454,0,0
increased_execution_intensity_5x,itch_calibrated,avellaneda stoikov,low volatility,9001,6,500,449,49,0,49,0.098,0.098,9.406,10,1.83,0,1,1,54,72280,64068,49,49,0,2,3,449,0,0
increased_execution_intensity_5x,itch_calibrated,avellaneda stoikov,trending,10003,7,500,449,50,0,50,0.1,0.1,9.516,10,24.608,0,1,1,52,66911,62453,49,50,0,1,2,449,0,0
increased_execution_intensity_5x,itch_calibrated,avellaneda stoikov,trending,11003,8,500,449,49,0,49,0.098,0.098,9.574,10,26.7,0,0.998,0.998,52,72803,67235,48,49,0,2,3,449,0,0
increased_execution_intensity_5x,itch_calibrated,avellaneda stoikov,trending,12003,9,500,450,49,1,48,0.098,0.0968,9.46,10,5.798,0,1,1,54,58859,50759,47,49,0,1,5,450,0,0
increased_execution_intensity_5x,itch_calibrated,avellaneda stoikov,trending,3003,0,500,445,53,1,52,0.106,0.1042,9.392,10,15.368,0,1,1,59,73598,66205,53,54,0,2,5,445,0,0
increased_execution_intensity_5x,itch_calibrated,avellaneda stoikov,trending,4003,1,500,464,34,0,34,0.068,0.068,9.63,10,15.916,0,1,1,35,42517,42517,35,34,1,2,0,464,0,0
increased_execution_intensity_5x,itch_calibrated,avellaneda stoikov,trending,5003,2,500,436,62,0,62,0.124,0.124,9.264,10,3.492,0,1,1,64,82524,81030,62,62,0,2,2,436,0,0
increased_execution_intensity_5x,itch_calibrated,avellaneda stoikov,trending,6003,3,500,456,42,0,42,0.084,0.084,9.53,10,37.15,0,1,1,48,66670,58176,41,42,1,2,5,456,0,0
increased_execution_intensity_5x,itch_calibrated,avellaneda stoikov,trending,7003,4,500,453,46,0,46,0.092,0.092,9.494,10,19.904,0,1,1,51,72215,61993,44,46,0,1,4,453,0,0
increased_execution_intensity_5x,itch_calibrated,avellaneda stoikov,trending,8003,5,500,458,40,0,40,0.08,0.08,9.616,10,18.942,0,1,1,44,51357,45907,40,40,1,2,3,458,0,0
increased_execution_intensity_5x,itch_calibrated,avellaneda stoikov,trending,9003,6,500,440,58,1,57,0.116,0.1148,9.298,10,25.518,0,1,1,67,85021,69552,54,58,0,2,9,440,0,0
increased_execution_intensity_5x,itch_calibrated,naive symmetric,high volatility,10002,7,500,450,48,0,48,0.096,0.096,9.498,10,7.05,0,1,1,52,68267,64642,48,48,0,2,3,450,0,0
increased_execution_intensity_5x,itch_calibrated,naive symmetric,high volatility,11002,8,500,463,36,0,36,0.072,0.072,9.528,10,112.1,0,0.95,0.95,48,62848,45730,34,36,1,1,11,463,0,0
increased_execution_intensity_5x,itch_calibrated,naive symmetric,high volatility,12002,9,500,458,40,1,39,0.08,0.079,9.518,10,26.212,0,0.994,0.994,41,58277,49873,36,40,0,2,0,458,0,0
increased_execution_intensity_5x,itch_calibrated,naive symmetric,high volatility,3002,0,500,450,48,0,48,0.096,0.096,9.47,10,19.09,0,0.998,0.998,53,71406,65532,47,48,0,2,5,450,0,0
increased_execution_intensity_5x,itch_calibrated,naive symmetric,high volatility,4002,1,500,449,50,0,50,0.1,0.1,9.534,10,193.662,0,0.94,0.94,75,94885,66303,50,50,3,1,22,449,0,0
increased_execution_intensity_5x,itch_calibrated,naive symmetric,high volatility,5002,2,500,460,38,0,38,0.076,0.076,9.552,10,43.856,0,0.984,0.984,40,47726,41318,35,38,0,2,2,460,0,0
increased_execution_intensity_5x,itch_calibrated,naive symmetric,high volatility,6002,3,500,446,52,0,52,0.104,0.104,9.44,10,69.764,0,0.996,0.996,60,83219,70884,50,52,2,2,6,446,0,0
increased_execution_intensity_5x,itch_calibrated,naive symmetric,high volatility,7002,4,500,449,50,0,50,0.1,0.1,9.466,10,71.574,0,0.97,0.97,62,86128,59248,43,50,0,0,12,449,0,0
increased_execution_intensity_5x,itch_calibrated,naive symmetric,high volatility,8002,5,500,456,43,0,43,0.086,0.086,9.516,10,119.132,0,0.978,0.978,51,59996,46992,41,43,1,1,7,456,0,0
increased_execution_intensity_5x,itch_calibrated,naive symmetric,high volatility,9002,6,500,462,36,0,36,0.072,0.072,9.604,10,101.838,0,0.958,0.958,51,71285,40885,31,36,1,2,14,462,0,0
increased_execution_intensity_5x,itch_calibrated,naive symmetric,low volatility,10001,7,500,447,51,0,51,0.102,0.102,9.436,10,0,0,1,1,54,72556,67380,51,51,0,2,3,447,0,0
increased_execution_intensity_5x,itch_calibrated,naive symmetric,low volatility,11001,8,500,452,46,0,46,0.092,0.092,9.512,10,48.684,0,1,1,53,72419,61629,46,46,2,2,5,452,0,0
increased_execution_intensity_5x,itch_calibrated,naive symmetric,low volatility,12001,9,500,453,45,1,44,0.09,0.089,9.5,10,13.434,0,1,1,50,67490,57939,43,45,0,2,5,453,0,0
increased_execution_intensity_5x,itch_calibrated,naive symmetric,low volatility,3001,0,500,448,50,0,50,0.1,0.1,9.354,10,26.272,0,1,1,57,75146,66307,51,50,1,2,5,448,0,0
increased_execution_intensity_5x,itch_calibrated,naive symmetric,low volatility,4001,1,500,462,37,0,37,0.074,0.074,9.574,10,14.424,0,1,1,39,51431,47464,36,37,0,1,2,462,0,0
increased_execution_intensity_5x,itch_calibrated,naive symmetric,low volatility,5001,2,500,439,59,1,58,0.118,0.1168,9.258,10,23.63,0,1,1,65,85374,77843,60,59,1,2,5,439,0,0
increased_execution_intensity_5x,itch_calibrated,naive symmetric,low volatility,6001,3,500,449,49,0,49,0.098,0.098,9.564,10,18.284,0,1,1,49,56341,54222,48,49,0,2,0,449,0,0
increased_execution_intensity_5x,itch_calibrated,naive symmetric,low volatility,7001,4,500,443,56,0,56,0.112,0.112,9.382,10,3.346,0,1,1,57,74377,73479,56,56,0,1,1,443,0,0
increased_execution_intensity_5x,itch_calibrated,naive symmetric,low volatility,8001,5,500,454,45,0,45,0.09,0.09,9.518,10,13.136,0,1,1,46,54400,52982,45,45,0,1,1,454,0,0
increased_execution_intensity_5x,itch_calibrated,naive symmetric,low volatility,9001,6,500,449,49,0,49,0.098,0.098,9.406,10,22.344,0,1,1,54,72280,64068,49,49,0,2,3,449,0,0
increased_execution_intensity_5x,itch_calibrated,naive symmetric,trending,10003,7,500,449,50,0,50,0.1,0.1,9.516,10,17.996,0,1,1,52,66911,62453,49,50,0,1,2,449,0,0
increased_execution_intensity_5x,itch_calibrated,naive symmetric,trending,11003,8,500,449,49,0,49,0.098,0.098,9.574,10,14.572,0,0.998,0.998,52,72803,67235,48,49,0,2,3,449,0,0
increased_execution_intensity_5x,itch_calibrated,naive symmetric,trending,12003,9,500,450,49,1,48,0.098,0.0968,9.46,10,2.388,0,1,1,54,58859,50759,47,49,0,1,5,450,0,0
increased_execution_intensity_5x,itch_calibrated,naive symmetric,trending,3003,0,500,445,53,1,52,0.106,0.1042,9.392,10,23.242,0,1,1,59,73598,66205,53,54,0,2,5,445,0,0
increased_execution_intensity_5x,itch_calibrated,naive symmetric,trending,4003,1,500,464,34,0,34,0.068,0.068,9.63,10,15.97,0,1,1,35,42517,41884,34,34,0,2,1,464,0,0
increased_execution_intensity_5x,itch_calibrated,naive symmetric,trending,5003,2,500,436,62,0,62,0.124,0.124,9.264,10,0,0,1,1,64,82524,80039,61,62,0,2,2,436,0,0
increased_execution_intensity_5x,itch_calibrated,naive symmetric,trending,6003,3,500,456,42,0,42,0.084,0.084,9.53,10,45.8,0,1,1,48,66670,58176,41,42,1,2,5,456,0,0
increased_execution_intensity_5x,itch_calibrated,naive symmetric,trending,7003,4,500,453,46,0,46,0.092,0.092,9.494,10,20.442,0,1,1,51,72215,61993,44,46,0,1,4,453,0,0
increased_execution_intensity_5x,itch_calibrated,naive symmetric,trending,8003,5,500,458,40,0,40,0.08,0.08,9.616,10,20.946,0,1,1,44,51357,45208,39,40,1,2,3,458,0,0
increased_execution_intensity_5x,itch_calibrated,naive symmetric,trending,9003,6,500,441,57,1,56,0.114,0.1128,9.302,10,35.52,0,1,1,67,85021,69552,54,57,1,2,9,441,0,0
itch_calibrated_flow,itch_calibrated,avellaneda stoikov,high volatility,10002,7,500,493,5,0,5,0.01,0.01,9.95,10,44.066,0,0.996,0.996,6,8181,7182,5,5,0,2,1,493,0,0
itch_calibrated_flow,itch_calibrated,avellaneda stoikov,high volatility,11002,8,500,488,10,0,10,0.02,0.02,9.902,10,136.868,0,0.942,0.942,11,14254,12408,10,10,0,2,1,488,0,0
itch_calibrated_flow,itch_calibrated,avellaneda stoikov,high volatility,12002,9,500,490,8,0,8,0.016,0.016,9.922,10,17.574,0,0.98,0.98,9,10631,7873,7,8,0,2,1,490,0,0
itch_calibrated_flow,itch_calibrated,avellaneda stoikov,high volatility,3002,0,500,489,9,0,9,0.018,0.018,9.916,10,37.642,0,0.998,0.998,10,14279,12555,8,9,0,2,1,489,0,0
itch_calibrated_flow,itch_calibrated,avellaneda stoikov,high volatility,4002,1,500,490,8,0,8,0.016,0.016,9.888,10,197.75,0,0.93,0.93,12,14372,9731,7,8,0,2,4,490,0,0
itch_calibrated_flow,itch_calibrated,avellaneda stoikov,high volatility,5002,2,500,491,7,0,7,0.014,0.014,9.91,10,46.114,0,0.944,0.944,8,7962,7150,7,7,0,2,1,491,0,0
itch_calibrated_flow,itch_calibrated,avellaneda stoikov,high volatility,6002,3,500,490,8,0,8,0.016,0.016,9.906,10,93.366,0,0.978,0.978,9,10148,8896,8,8,0,2,1,490,0,0
itch_calibrated_flow,itch_calibrated,avellaneda stoikov,high volatility,7002,4,500,485,13,0,13,0.026,0.026,9.874,10,53.846,0,0.98,0.98,14,21341,20450,13,13,0,2,1,485,0,0
itch_calibrated_flow,itch_calibrated,avellaneda stoikov,high volatility,8002,5,500,491,7,0,7,0.014,0.014,9.928,10,104.38,0,0.954,0.954,9,12676,4494,5,7,0,2,2,491,0,0
itch_calibrated_flow,itch_calibrated,avellaneda stoikov,high volatility,9002,6,500,493,5,0,5,0.01,0.01,9.924,10,132.224,0,0.916,0.916,9,13913,7969,5,5,0,2,4,493,0,0
itch_calibrated_flow,itch_calibrated,avellaneda stoikov,low volatility,10001,7,500,492,6,0,6,0.012,0.012,9.93,10,0,0,1,1,6,7763,7763,6,6,0,2,0,492,0,0
itch_calibrated_flow,itch_calibrated,avellaneda stoikov,low volatility,11001,8,500,490,8,0,8,0.016,0.016,9.91,10,109.67,0,1,1,10,16417,11547,7,8,0,2,2,490,0,0
itch_calibrated_flow,itch_calibrated,avellaneda stoikov,low volatility,12001,9,500,489,9,0,9,0.018,0.018,9.89,10,22.766,0,1,1,9,10442,10442,9,9,0,2,0,489,0,0
itch_calibrated_flow,itch_calibrated,avellaneda stoikov,low volatility,3001,0,500,488,10,0,10,0.02,0.02,9.874,10,7.636,0,1,1,10,15177,15177,10,10,0,2,0,488,0,0
itch_calibrated_flow,itch_calibrated,avellaneda stoikov,low volatility,4001,1,500,488,10,0,10,0.02,0.02,9.884,10,16.102,0,1,1,10,18154,18154,10,10,0,2,0,488,0,0
itch_calibrated_flow,itch_calibrated,avellaneda stoikov,low volatility,5001,2,500,489,9,0,9,0.018,0.018,9.89,10,46.022,0,1,1,9,11131,11131,9,9,0,2,0,489,0,0
itch_calibrated_flow,itch_calibrated,avellaneda stoikov,low volatility,6001,3,500,492,6,0,6,0.012,0.012,9.92,10,25.786,0,1,1,7,8250,6276,6,6,0,2,1,492,0,0
itch_calibrated_flow,itch_calibrated,avellaneda stoikov,low volatility,7001,4,500,483,15,0,15,0.03,0.03,9.84,10,8.594,0,1,1,15,18065,18065,15,15,0,2,0,483,0,0
itch_calibrated_flow,itch_calibrated,avellaneda stoikov,low volatility,8001,5,500,487,11,0,11,0.022,0.022,9.882,10,7.538,0,1,1,11,9658,9658,11,11,0,2,0,487,0,0
itch_calibrated_flow,itch_calibrated,avellaneda stoikov,low volatility,9001,6,500,489,9,0,9,0.018,0.018,9.902,10,20.074,0,1,1,12,17046,15645,10,9,1,2,2,489,0,0
itch_calibrated_flow,itch_calibrated,avellaneda stoikov,trending,10003,7,500,486,12,0,12,0.024,0.024,9.876,10,23.642,0,1,1,13,15300,12989,11,12,0,2,1,486,0,0
itch_calibrated_flow,itch_calibrated,avellaneda stoikov,trending,11003,8,500,492,6,0,6,0.012,0.012,9.942,10,16.356,0,1,1,6,7378,7378,6,6,0,2,0,492,0,0
itch_calibrated_flow,itch_calibrated,avellaneda stoikov,trending,12003,9,500,489,9,0,9,0.018,0.018,9.894,10,31.106,0,0.998,0.998,9,7713,7713,9,9,0,2,0,489,0,0
itch_calibrated_flow,itch_calibrated,avellaneda stoikov,trending,3003,0,500,485,13,0,13,0.026,0.026,9.836,10,31.342,0,1,1,14,19763,19763,14,14,0,2,0,485,0,0
itch_calibrated_flow,itch_calibrated,avellaneda stoikov,trending,4003,1,500,489,9,0,9,0.018,0.018,9.916,10,25.102,0,0.998,0.998,9,11213,10226,8,9,0,2,0,489,0,0
itch_calibrated_flow,itch_calibrated,avellaneda stoikov,trending,5003,2,500,487,11,0,11,0.022,0.022,9.856,10,26.422,0,1,1,11,13250,13250,11,11,0,1,0,487,0,0
itch_calibrated_flow,itch_calibrated,avellaneda stoikov,trending,6003,3,500,491,7,0,7,0.014,0.014,9.91,10,181.61,0,1,1,10,11265,6063,6,7,0,2,3,491,0,0
itch_calibrated_flow,itch_calibrated,avellaneda stoikov,trending,7003,4,500,487,11,0,11,0.022,0.022,9.876,10,24.392,0,1,1,11,20195,20195,11,11,0,2,0,487,0,0
itch_calibrated_flow,itch_calibrated,avellaneda stoikov,trending,8003,5,500,493,5,0,5,0.01,0.01,9.948,10,19.326,0,1,1,7,8604,7093,5,5,0,2,2,493,0,0
itch_calibrated_flow,itch_calibrated,avellaneda stoikov,trending,9003,6,500,490,8,0,8,0.016,0.016,9.924,10,144.476,0,0.99,0.99,11,14225,11294,8,8,0,1,3,490,0,0
itch_calibrated_flow,itch_calibrated,naive symmetric,high volatility,10002,7,500,493,5,0,5,0.01,0.01,9.95,10,31.576,0,0.996,0.996,6,8181,7182,5,5,0,2,1,493,0,0
itch_calibrated_flow,itch_calibrated,naive symmetric,high volatility,11002,8,500,489,9,0,9,0.018,0.018,9.922,10,126.16,0,0.942,0.942,11,14254,12408,10,9,1,2,1,489,0,0
itch_calibrated_flow,itch_calibrated,naive symmetric,high volatility,12002,9,500,490,8,0,8,0.016,0.016,9.922,10,39.502,0,0.98,0.98,9,10631,7873,7,8,0,2,1,490,0,0
itch_calibrated_flow,itch_calibrated,naive symmetric,high volatility,3002,0,500,489,9,0,9,0.018,0.018,9.916,10,48.964,0,0.998,0.998,10,14279,12555,8,9,0,2,1,489,0,0
itch_calibrated_flow,itch_calibrated,naive symmetric,high volatility,4002,1,500,490,8,0,8,0.016,0.016,9.888,10,215.584,0,0.93,0.93,12,14372,9731,7,8,0,2,4,490,0,0
itch_calibrated_flow,itch_calibrated,naive symmetric,high volatility,5002,2,500,491,7,0,7,0.014,0.014,9.91,10,58.824,0,0.944,0.944,8,7962,7150,7,7,0,2,1,491,0,0
itch_calibrated_flow,itch_calibrated,naive symmetric,high volatility,6002,3,500,491,7,0,7,0.014,0.014,9.912,10,97.024,0,0.978,0.978,9,10148,8896,8,7,1,1,1,491,0,0
itch_calibrated_flow,itch_calibrated,naive symmetric,high volatility,7002,4,500,486,12,0,12,0.024,0.024,9.884,10,60.85,0,0.98,0.98,14,21341,20450,13,12,1,2,1,486,0,0
itch_calibrated_flow,itch_calibrated,naive symmetric,high volatility,8002,5,500,491,7,0,7,0.014,0.014,9.928,10,112.67,0,0.954,0.954,9,12676,4494,5,7,0,2,2,491,0,0
itch_calibrated_flow,itch_calibrated,naive symmetric,high volatility,9002,6,500,493,5,0,5,0.01,0.01,9.924,10,155.15,0,0.916,0.916,9,13913,7969,5,5,0,2,4,493,0,0
itch_calibrated_flow,itch_calibrated,naive symmetric,low volatility,10001,7,500,492,6,0,6,0.012,0.012,9.93,10,4.988,0,1,1,6,7763,7763,6,6,0,2,0,492,0,0
itch_calibrated_flow,itch_calibrated,naive symmetric,low volatility,11001,8,500,490,8,0,8,0.016,0.016,9.91,10,119.386,0,1,1,10,16417,11547,7,8,0,2,2,490,0,0
itch_calibrated_flow,itch_calibrated,naive symmetric,low volatility,12001,9,500,489,9,0,9,0.018,0.018,9.89,10,38.744,0,1,1,9,10442,10442,9,9,0,2,0,489,0,0
itch_calibrated_flow,itch_calibrated,naive symmetric,low volatility,3001,0,500,488,10,0,10,0.02,0.02,9.874,10,17.992,0,1,1,10,15177,15177,10,10,0,2,0,488,0,0
itch_calibrated_flow,itch_calibrated,naive symmetric,low volatility,4001,1,500,488,10,0,10,0.02,0.02,9.884,10,21.496,0,1,1,10,18154,18154,10,10,0,2,0,488,0,0
itch_calibrated_flow,itch_calibrated,naive symmetric,low volatility,5001,2,500,489,9,0,9,0.018,0.018,9.89,10,50.656,0,1,1,9,11131,11131,9,9,0,2,0,489,0,0
itch_calibrated_flow,itch_calibrated,naive symmetric,low volatility,6001,3,500,492,6,0,6,0.012,0.012,9.92,10,39.556,0,1,1,7,8250,6276,6,6,0,2,1,492,0,0
itch_calibrated_flow,itch_calibrated,naive symmetric,low volatility,7001,4,500,483,15,0,15,0.03,0.03,9.84,10,14.564,0,1,1,15,18065,18065,15,15,0,2,0,483,0,0
itch_calibrated_flow,itch_calibrated,naive symmetric,low volatility,8001,5,500,487,11,0,11,0.022,0.022,9.882,10,12.452,0,1,1,11,9658,9658,11,11,0,2,0,487,0,0
itch_calibrated_flow,itch_calibrated,naive symmetric,low volatility,9001,6,500,489,9,0,9,0.018,0.018,9.902,10,33.682,0,1,1,12,17046,13132,8,9,0,2,3,489,0,0
itch_calibrated_flow,itch_calibrated,naive symmetric,trending,10003,7,500,486,12,0,12,0.024,0.024,9.876,10,46.046,0,1,1,13,15300,12989,11,12,0,2,1,486,0,0
itch_calibrated_flow,itch_calibrated,naive symmetric,trending,11003,8,500,492,6,0,6,0.012,0.012,9.942,10,7.26,0,1,1,6,7378,7378,6,6,0,2,0,492,0,0
itch_calibrated_flow,itch_calibrated,naive symmetric,trending,12003,9,500,489,9,0,9,0.018,0.018,9.894,10,45.958,0,0.998,0.998,9,7713,7713,9,9,0,2,0,489,0,0
itch_calibrated_flow,itch_calibrated,naive symmetric,trending,3003,0,500,485,13,0,13,0.026,0.026,9.836,10,34.844,0,1,1,14,19763,19763,14,14,0,2,0,485,0,0
itch_calibrated_flow,itch_calibrated,naive symmetric,trending,4003,1,500,489,9,0,9,0.018,0.018,9.916,10,25.68,0,0.998,0.998,9,11213,10226,8,9,0,2,0,489,0,0
itch_calibrated_flow,itch_calibrated,naive symmetric,trending,5003,2,500,487,11,0,11,0.022,0.022,9.856,10,8.896,0,1,1,11,13250,13250,11,11,0,2,0,487,0,0
itch_calibrated_flow,itch_calibrated,naive symmetric,trending,6003,3,500,491,7,0,7,0.014,0.014,9.91,10,167.032,0,1,1,10,11265,6063,6,7,0,2,3,491,0,0
itch_calibrated_flow,itch_calibrated,naive symmetric,trending,7003,4,500,487,11,0,11,0.022,0.022,9.876,10,24.012,0,1,1,11,20195,20195,11,11,0,2,0,487,0,0
itch_calibrated_flow,itch_calibrated,naive symmetric,trending,8003,5,500,493,5,0,5,0.01,0.01,9.948,10,25.314,0,1,1,7,8604,7093,5,5,0,2,2,493,0,0
itch_calibrated_flow,itch_calibrated,naive symmetric,trending,9003,6,500,490,8,0,8,0.016,0.016,9.924,10,148.974,0,0.99,0.99,11,14225,11294,8,8,0,2,3,490,0,0
physical_zero_queue_itch_calibrated_flow,itch_calibrated,avellaneda stoikov,high volatility,10002,7,500,492,6,0,6,0.012,0.012,9.946,10,0,0,0.996,0.996,6,8181,7182,5,6,0,2,0,492,0,0
physical_zero_queue_itch_calibrated_flow,itch_calibrated,avellaneda stoikov,high volatility,11002,8,500,488,10,0,10,0.02,0.02,9.902,10,0,0,0.942,0.942,11,14254,12408,10,10,0,2,1,488,0,0
physical_zero_queue_itch_calibrated_flow,itch_calibrated,avellaneda stoikov,high volatility,12002,9,500,490,8,0,8,0.016,0.016,9.922,10,0,0,0.98,0.98,9,10631,7873,7,8,0,2,1,490,0,0
physical_zero_queue_itch_calibrated_flow,itch_calibrated,avellaneda stoikov,high volatility,3002,0,500,489,9,0,9,0.018,0.018,9.916,10,0,0,0.998,0.998,10,14279,12555,8,9,0,2,1,489,0,0
physical_zero_queue_itch_calibrated_flow,itch_calibrated,avellaneda stoikov,high volatility,4002,1,500,490,8,0,8,0.016,0.016,9.888,10,0,0,0.93,0.93,12,14372,9731,7,8,0,2,4,490,0,0
physical_zero_queue_itch_calibrated_flow,itch_calibrated,avellaneda stoikov,high volatility,5002,2,500,491,7,0,7,0.014,0.014,9.91,10,0,0,0.944,0.944,8,7962,7150,7,7,0,2,1,491,0,0
physical_zero_queue_itch_calibrated_flow,itch_calibrated,avellaneda stoikov,high volatility,6002,3,500,490,8,0,8,0.016,0.016,9.906,10,0,0,0.978,0.978,9,10148,8896,8,8,0,2,1,490,0,0
physical_zero_queue_itch_calibrated_flow,itch_calibrated,avellaneda stoikov,high volatility,7002,4,500,485,13,0,13,0.026,0.026,9.874,10,0,0,0.98,0.98,14,21341,20450,13,13,0,2,1,485,0,0
physical_zero_queue_itch_calibrated_flow,itch_calibrated,avellaneda stoikov,high volatility,8002,5,500,490,8,0,8,0.016,0.016,9.922,10,0,0,0.954,0.954,9,12676,4494,5,8,0,2,1,490,0,0
physical_zero_queue_itch_calibrated_flow,itch_calibrated,avellaneda stoikov,high volatility,9002,6,500,493,5,0,5,0.01,0.01,9.924,10,0,0,0.912,0.912,9,13913,7969,5,5,0,2,4,493,0,0
physical_zero_queue_itch_calibrated_flow,itch_calibrated,avellaneda stoikov,low volatility,10001,7,500,492,6,0,6,0.012,0.012,9.93,10,0,0,1,1,6,7763,7763,6,6,0,2,0,492,0,0
physical_zero_queue_itch_calibrated_flow,itch_calibrated,avellaneda stoikov,low volatility,11001,8,500,489,9,1,8,0.018,0.0172,9.906,10,0,0,1,1,10,16417,11547,7,9,0,2,1,489,0,0
physical_zero_queue_itch_calibrated_flow,itch_calibrated,avellaneda stoikov,low volatility,12001,9,500,489,9,0,9,0.018,0.018,9.89,10,0,0,1,1,9,10442,10442,9,9,0,2,0,489,0,0
physical_zero_queue_itch_calibrated_flow,itch_calibrated,avellaneda stoikov,low volatility,3001,0,500,488,10,0,10,0.02,0.02,9.874,10,0,0,1,1,10,15177,15177,10,10,0,2,0,488,0,0
physical_zero_queue_itch_calibrated_flow,itch_calibrated,avellaneda stoikov,low volatility,4001,1,500,488,10,0,10,0.02,0.02,9.884,10,0,0,1,1,10,18154,18154,10,10,0,2,0,488,0,0
physical_zero_queue_itch_calibrated_flow,itch_calibrated,avellaneda stoikov,low volatility,5001,2,500,489,9,0,9,0.018,0.018,9.89,10,0,0,1,1,9,11131,11131,9,9,0,2,0,489,0,0
physical_zero_queue_itch_calibrated_flow,itch_calibrated,avellaneda stoikov,low volatility,6001,3,500,492,6,0,6,0.012,0.012,9.92,10,0,0,1,1,7,8250,6276,6,6,0,2,1,492,0,0
physical_zero_queue_itch_calibrated_flow,itch_calibrated,avellaneda stoikov,low volatility,7001,4,500,483,15,0,15,0.03,0.03,9.84,10,0,0,1,1,15,18065,18065,15,15,0,2,0,483,0,0
physical_zero_queue_itch_calibrated_flow,itch_calibrated,avellaneda stoikov,low volatility,8001,5,500,487,11,0,11,0.022,0.022,9.882,10,0,0,1,1,11,9658,9658,11,11,0,2,0,487,0,0
physical_zero_queue_itch_calibrated_flow,itch_calibrated,avellaneda stoikov,low volatility,9001,6,500,488,10,0,10,0.02,0.02,9.898,10,0,0,1,1,12,17046,15645,10,10,0,2,2,488,0,0
physical_zero_queue_itch_calibrated_flow,itch_calibrated,avellaneda stoikov,trending,10003,7,500,486,12,0,12,0.024,0.024,9.876,10,0,0,1,1,13,15300,12989,11,12,0,2,1,486,0,0
physical_zero_queue_itch_calibrated_flow,itch_calibrated,avellaneda stoikov,trending,11003,8,500,492,6,0,6,0.012,0.012,9.942,10,0,0,1,1,6,7378,7378,6,6,0,2,0,492,0,0
physical_zero_queue_itch_calibrated_flow,itch_calibrated,avellaneda stoikov,trending,12003,9,500,489,9,0,9,0.018,0.018,9.894,10,0,0,0.998,0.998,9,7713,7713,9,9,0,2,0,489,0,0
physical_zero_queue_itch_calibrated_flow,itch_calibrated,avellaneda stoikov,trending,3003,0,500,485,13,0,13,0.026,0.026,9.836,10,0,0,1,1,14,19763,19763,14,14,0,2,0,485,0,0
physical_zero_queue_itch_calibrated_flow,itch_calibrated,avellaneda stoikov,trending,4003,1,500,489,9,0,9,0.018,0.018,9.916,10,0,0,0.998,0.998,9,11213,10226,8,9,0,2,0,489,0,0
physical_zero_queue_itch_calibrated_flow,itch_calibrated,avellaneda stoikov,trending,5003,2,500,487,11,0,11,0.022,0.022,9.856,10,0,0,1,1,11,13250,13250,11,11,0,2,0,487,0,0
physical_zero_queue_itch_calibrated_flow,itch_calibrated,avellaneda stoikov,trending,6003,3,500,491,7,0,7,0.014,0.014,9.91,10,0,0,1,1,10,11265,6063,6,7,0,2,3,491,0,0
physical_zero_queue_itch_calibrated_flow,itch_calibrated,avellaneda stoikov,trending,7003,4,500,487,11,0,11,0.022,0.022,9.876,10,0,0,1,1,11,20195,20195,11,11,0,2,0,487,0,0
physical_zero_queue_itch_calibrated_flow,itch_calibrated,avellaneda stoikov,trending,8003,5,500,493,5,0,5,0.01,0.01,9.948,10,0,0,1,1,7,8604,7093,5,5,0,2,2,493,0,0
physical_zero_queue_itch_calibrated_flow,itch_calibrated,avellaneda stoikov,trending,9003,6,500,490,8,0,8,0.016,0.016,9.924,10,0,0,0.99,0.99,11,14225,11294,8,8,0,2,3,490,0,0
physical_zero_queue_itch_calibrated_flow,itch_calibrated,naive symmetric,high volatility,10002,7,500,492,6,0,6,0.012,0.012,9.946,10,0,0,0.996,0.996,6,8181,7182,5,6,0,2,0,492,0,0
physical_zero_queue_itch_calibrated_flow,itch_calibrated,naive symmetric,high volatility,11002,8,500,488,10,0,10,0.02,0.02,9.902,10,0,0,0.942,0.942,11,14254,12408,10,10,0,2,1,488,0,0
physical_zero_queue_itch_calibrated_flow,itch_calibrated,naive symmetric,high volatility,12002,9,500,490,8,0,8,0.016,0.016,9.922,10,0,0,0.98,0.98,9,10631,7873,7,8,0,2,1,490,0,0
physical_zero_queue_itch_calibrated_flow,itch_calibrated,naive symmetric,high volatility,3002,0,500,489,9,0,9,0.018,0.018,9.916,10,0,0,0.998,0.998,10,14279,12555,8,9,0,2,1,489,0,0
physical_zero_queue_itch_calibrated_flow,itch_calibrated,naive symmetric,high volatility,4002,1,500,490,8,0,8,0.016,0.016,9.888,10,0,0,0.93,0.93,12,14372,9731,7,8,0,2,4,490,0,0
physical_zero_queue_itch_calibrated_flow,itch_calibrated,naive symmetric,high volatility,5002,2,500,491,7,0,7,0.014,0.014,9.91,10,0,0,0.944,0.944,8,7962,7150,7,7,0,2,1,491,0,0
physical_zero_queue_itch_calibrated_flow,itch_calibrated,naive symmetric,high volatility,6002,3,500,490,8,0,8,0.016,0.016,9.906,10,0,0,0.978,0.978,9,10148,8896,8,8,0,2,1,490,0,0
physical_zero_queue_itch_calibrated_flow,itch_calibrated,naive symmetric,high volatility,7002,4,500,485,13,0,13,0.026,0.026,9.874,10,0,0,0.98,0.98,14,21341,20450,13,13,0,2,1,485,0,0
physical_zero_queue_itch_calibrated_flow,itch_calibrated,naive symmetric,high volatility,8002,5,500,491,7,0,7,0.014,0.014,9.928,10,0,0,0.954,0.954,9,12676,4494,5,7,0,2,2,491,0,0
physical_zero_queue_itch_calibrated_flow,itch_calibrated,naive symmetric,high volatility,9002,6,500,493,5,0,5,0.01,0.01,9.924,10,0,0,0.912,0.912,9,13913,7969,5,5,0,2,4,493,0,0
physical_zero_queue_itch_calibrated_flow,itch_calibrated,naive symmetric,low volatility,10001,7,500,492,6,0,6,0.012,0.012,9.93,10,0,0,1,1,6,7763,7763,6,6,0,2,0,492,0,0
physical_zero_queue_itch_calibrated_flow,itch_calibrated,naive symmetric,low volatility,11001,8,500,489,9,1,8,0.018,0.0172,9.906,10,0,0,1,1,10,16417,11547,7,9,0,2,1,489,0,0
physical_zero_queue_itch_calibrated_flow,itch_calibrated,naive symmetric,low volatility,12001,9,500,489,9,0,9,0.018,0.018,9.89,10,0,0,1,1,9,10442,10442,9,9,0,2,0,489,0,0
physical_zero_queue_itch_calibrated_flow,itch_calibrated,naive symmetric,low volatility,3001,0,500,488,10,0,10,0.02,0.02,9.874,10,0,0,1,1,10,15177,15177,10,10,0,2,0,488,0,0
physical_zero_queue_itch_calibrated_flow,itch_calibrated,naive symmetric,low volatility,4001,1,500,488,10,0,10,0.02,0.02,9.884,10,0,0,1,1,10,18154,18154,10,10,0,2,0,488,0,0
physical_zero_queue_itch_calibrated_flow,itch_calibrated,naive symmetric,low volatility,5001,2,500,489,9,0,9,0.018,0.018,9.89,10,0,0,1,1,9,11131,11131,9,9,0,2,0,489,0,0
physical_zero_queue_itch_calibrated_flow,itch_calibrated,naive symmetric,low volatility,6001,3,500,492,6,0,6,0.012,0.012,9.92,10,0,0,1,1,7,8250,6276,6,6,0,2,1,492,0,0
physical_zero_queue_itch_calibrated_flow,itch_calibrated,naive symmetric,low volatility,7001,4,500,483,15,0,15,0.03,0.03,9.84,10,0,0,1,1,15,18065,18065,15,15,0,2,0,483,0,0
physical_zero_queue_itch_calibrated_flow,itch_calibrated,naive symmetric,low volatility,8001,5,500,487,11,0,11,0.022,0.022,9.882,10,0,0,1,1,11,9658,9658,11,11,0,2,0,487,0,0
physical_zero_queue_itch_calibrated_flow,itch_calibrated,naive symmetric,low volatility,9001,6,500,489,9,0,9,0.018,0.018,9.902,10,0,0,1,1,12,17046,13132,8,9,0,2,3,489,0,0
physical_zero_queue_itch_calibrated_flow,itch_calibrated,naive symmetric,trending,10003,7,500,486,12,0,12,0.024,0.024,9.876,10,0,0,1,1,13,15300,12989,11,12,0,2,1,486,0,0
physical_zero_queue_itch_calibrated_flow,itch_calibrated,naive symmetric,trending,11003,8,500,492,6,0,6,0.012,0.012,9.942,10,0,0,1,1,6,7378,7378,6,6,0,2,0,492,0,0
physical_zero_queue_itch_calibrated_flow,itch_calibrated,naive symmetric,trending,12003,9,500,489,9,0,9,0.018,0.018,9.894,10,0,0,0.998,0.998,9,7713,7713,9,9,0,2,0,489,0,0
physical_zero_queue_itch_calibrated_flow,itch_calibrated,naive symmetric,trending,3003,0,500,485,13,0,13,0.026,0.026,9.836,10,0,0,1,1,14,19763,19763,14,14,0,2,0,485,0,0
physical_zero_queue_itch_calibrated_flow,itch_calibrated,naive symmetric,trending,4003,1,500,489,9,0,9,0.018,0.018,9.916,10,0,0,0.998,0.998,9,11213,10226,8,9,0,2,0,489,0,0
physical_zero_queue_itch_calibrated_flow,itch_calibrated,naive symmetric,trending,5003,2,500,487,11,0,11,0.022,0.022,9.856,10,0,0,1,1,11,13250,13250,11,11,0,2,0,487,0,0
physical_zero_queue_itch_calibrated_flow,itch_calibrated,naive symmetric,trending,6003,3,500,491,7,0,7,0.014,0.014,9.91,10,0,0,1,1,10,11265,6063,6,7,0,2,3,491,0,0
physical_zero_queue_itch_calibrated_flow,itch_calibrated,naive symmetric,trending,7003,4,500,487,11,0,11,0.022,0.022,9.876,10,0,0,1,1,11,20195,20195,11,11,0,2,0,487,0,0
physical_zero_queue_itch_calibrated_flow,itch_calibrated,naive symmetric,trending,8003,5,500,493,5,0,5,0.01,0.01,9.948,10,0,0,1,1,7,8604,7093,5,5,0,2,2,493,0,0
physical_zero_queue_itch_calibrated_flow,itch_calibrated,naive symmetric,trending,9003,6,500,490,8,0,8,0.016,0.016,9.924,10,0,0,0.99,0.99,11,14225,11294,8,8,0,2,3,490,0,0
requote_frequency_fast_5,itch_calibrated,avellaneda stoikov,high volatility,10002,7,1000,993,5,0,5,0.005,0.005,4.98,5,46.464,0,0.995,0.995,6,8181,7182,5,5,0,2,1,993,0,0
requote_frequency_fast_5,itch_calibrated,avellaneda stoikov,high volatility,11002,8,1000,988,10,0,10,0.01,0.01,4.976,5,135.278,0,0.943,0.943,11,14254,12408,10,10,0,2,1,988,0,0
requote_frequency_fast_5,itch_calibrated,avellaneda stoikov,high volatility,12002,9,1000,990,8,0,8,0.008,0.008,4.971,5,19.677,0,0.981,0.981,9,10631,7873,7,8,0,2,1,990,0,0
requote_frequency_fast_5,itch_calibrated,avellaneda stoikov,high volatility,3002,0,1000,989,9,0,9,0.009,0.009,4.968,5,26.448,0,0.998,0.998,10,14279,13455,9,9,0,2,1,989,0,0
requote_frequency_fast_5,itch_calibrated,avellaneda stoikov,high volatility,4002,1,1000,990,8,0,8,0.008,0.008,4.974,5,198.071,0,0.925,0.925,12,14372,9731,7,8,0,2,4,990,0,0
requote_frequency_fast_5,itch_calibrated,avellaneda stoikov,high volatility,5002,2,1000,991,7,0,7,0.007,0.007,4.98,5,45.867,0,0.941,0.941,8,7962,7150,7,7,0,2,1,991,0,0
requote_frequency_fast_5,itch_calibrated,avellaneda stoikov,high volatility,6002,3,1000,990,8,0,8,0.008,0.008,4.978,5,97.985,0,0.978,0.978,9,10148,8896,8,8,0,2,1,990,0,0
requote_frequency_fast_5,itch_calibrated,avellaneda stoikov,high volatility,7002,4,1000,986,12,0,12,0.012,0.012,4.963,5,59.768,0,0.981,0.981,14,21341,20450,13,12,1,2,1,986,0,0
requote_frequency_fast_5,itch_calibrated,avellaneda stoikov,high volatility,8002,5,1000,990,8,0,8,0.008,0.008,4.971,5,95.784,0,0.95,0.95,9,12676,6679,6,8,0,2,1,990,0,0
requote_frequency_fast_5,itch_calibrated,avellaneda stoikov,high volatility,9002,6,1000,991,7,0,7,0.007,0.007,4.977,5,157.033,0,0.922,0.922,9,13913,11192,7,7,0,1,2,991,0,0
requote_frequency_fast_5,itch_calibrated,avellaneda stoikov,low volatility,10001,7,1000,992,6,0,6,0.006,0.006,4.985,5,0.937,0,1,1,6,7763,7763,6,6,0,2,0,992,0,0
requote_frequency_fast_5,itch_calibrated,avellaneda stoikov,low volatility,11001,8,1000,990,8,0,8,0.008,0.008,4.975,5,111.197,0,1,1,10,16417,11547,7,8,0,2,2,990,0,0
requote_frequency_fast_5,itch_calibrated,avellaneda stoikov,low volatility,12001,9,1000,989,9,0,9,0.009,0.009,4.97,5,25.815,0,1,1,9,10442,10442,9,9,0,2,0,989,0,0
requote_frequency_fast_5,itch_calibrated,avellaneda stoikov,low volatility,3001,0,1000,988,10,0,10,0.01,0.01,4.977,5,9.784,0,1,1,10,15177,15177,10,10,0,2,0,988,0,0
requote_frequency_fast_5,itch_calibrated,avellaneda stoikov,low volatility,4001,1,1000,988,10,0,10,0.01,0.01,4.972,5,16.749,0,1,1,10,18154,18154,10,10,0,2,0,988,0,0
requote_frequency_fast_5,itch_calibrated,avellaneda stoikov,low volatility,5001,2,1000,989,9,0,9,0.009,0.009,4.975,5,35.548,0,1,1,9,11131,11131,9,9,0,2,0,989,0,0
requote_frequency_fast_5,itch_calibrated,avellaneda stoikov,low volatility,6001,3,1000,992,6,0,6,0.006,0.006,4.975,5,20.733,0,1,1,7,8250,6276,6,6,0,2,1,992,0,0
requote_frequency_fast_5,itch_calibrated,avellaneda stoikov,low volatility,7001,4,1000,983,15,0,15,0.015,0.015,4.955,5,8.279,0,1,1,15,18065,18065,15,15,0,2,0,983,0,0
requote_frequency_fast_5,itch_calibrated,avellaneda stoikov,low volatility,8001,5,1000,987,11,0,11,0.011,0.011,4.976,5,9.312,0,1,1,11,9658,9658,11,11,0,2,0,987,0,0
requote_frequency_fast_5,itch_calibrated,avellaneda stoikov,low volatility,9001,6,1000,987,11,0,11,0.011,0.011,4.97,5,15.03,0,1,1,12,17046,14200,10,11,0,2,1,987,0,0
requote_frequency_fast_5,itch_calibrated,avellaneda stoikov,trending,10003,7,1000,986,12,0,12,0.012,0.012,4.968,5,28.624,0,1,1,13,15300,12989,11,12,0,2,1,986,0,0
requote_frequency_fast_5,itch_calibrated,avellaneda stoikov,trending,11003,8,1000,992,6,0,6,0.006,0.006,4.986,5,18.754,0,1,1,6,7378,7378,6,6,0,2,0,992,0,0
requote_frequency_fast_5,itch_calibrated,avellaneda stoikov,trending,12003,9,1000,989,9,0,9,0.009,0.009,4.962,5,31.92,0,0.998,0.998,9,7713,7713,9,9,0,2,0,989,0,0
requote_frequency_fast_5,itch_calibrated,avellaneda stoikov,trending,3003,0,1000,985,13,0,13,0.013,0.013,4.963,5,38.942,0,1,1,14,19763,19763,14,14,0,2,0,985,0,0
requote_frequency_fast_5,itch_calibrated,avellaneda stoikov,trending,4003,1,1000,989,9,0,9,0.009,0.009,4.973,5,16.434,0,0.998,0.998,9,11213,9458,7,9,0,2,0,989,0,0
requote_frequency_fast_5,itch_calibrated,avellaneda stoikov,trending,5003,2,1000,987,11,0,11,0.011,0.011,4.968,5,23.404,0,1,1,11,13250,13250,11,11,0,2,0,987,0,0
requote_frequency_fast_5,itch_calibrated,avellaneda stoikov,trending,6003,3,1000,990,8,0,8,0.008,0.008,4.971,5,183.521,0,1,1,10,11265,6810,7,8,0,2,2,990,0,0
requote_frequency_fast_5,itch_calibrated,avellaneda stoikov,trending,7003,4,1000,987,11,0,11,0.011,0.011,4.963,5,21.272,0,1,1,11,20195,20195,11,11,0,2,0,987,0,0
requote_frequency_fast_5,itch_calibrated,avellaneda stoikov,trending,8003,5,1000,993,5,0,5,0.005,0.005,4.989,5,23.035,0,1,1,7,8604,7093,5,5,0,2,2,993,0,0
requote_frequency_fast_5,itch_calibrated,avellaneda stoikov,trending,9003,6,1000,990,8,0,8,0.008,0.008,4.977,5,136.653,0,0.989,0.989,11,14225,11294,8,8,0,1,3,990,0,0
requote_frequency_fast_5,itch_calibrated,naive symmetric,high volatility,10002,7,1000,993,5,0,5,0.005,0.005,4.98,5,33.318,0,0.995,0.995,6,8181,7182,5,5,0,2,1,993,0,0
requote_frequency_fast_5,itch_calibrated,naive symmetric,high volatility,11002,8,1000,989,9,0,9,0.009,0.009,4.981,5,121.07,0,0.943,0.943,11,14254,12408,10,9,1,2,1,989,0,0
requote_frequency_fast_5,itch_calibrated,naive symmetric,high volatility,12002,9,1000,990,8,0,8,0.008,0.008,4.971,5,30.544,0,0.981,0.981,9,10631,7873,7,8,0,2,1,990,0,0
requote_frequency_fast_5,itch_calibrated,naive symmetric,high volatility,3002,0,1000,989,9,0,9,0.009,0.009,4.968,5,38.699,0,0.998,0.998,10,14279,13455,9,9,0,2,1,989,0,0
requote_frequency_fast_5,itch_calibrated,naive symmetric,high volatility,4002,1,1000,990,8,0,8,0.008,0.008,4.974,5,206.269,0,0.925,0.925,12,14372,9731,7,8,0,2,4,990,0,0
requote_frequency_fast_5,itch_calibrated,naive symmetric,high volatility,5002,2,1000,991,7,0,7,0.007,0.007,4.98,5,57.303,0,0.941,0.941,8,7962,7150,7,7,0,2,1,991,0,0
requote_frequency_fast_5,itch_calibrated,naive symmetric,high volatility,6002,3,1000,990,8,0,8,0.008,0.008,4.978,5,88.005,0,0.978,0.978,9,10148,8896,8,8,0,2,1,990,0,0
requote_frequency_fast_5,itch_calibrated,naive symmetric,high volatility,7002,4,1000,986,12,0,12,0.012,0.012,4.963,5,56.326,0,0.981,0.981,14,21341,19655,12,12,0,1,2,986,0,0
requote_frequency_fast_5,itch_calibrated,naive symmetric,high volatility,8002,5,1000,990,8,0,8,0.008,0.008,4.971,5,101.128,0,0.95,0.95,9,12676,4494,5,8,0,1,1,990,0,0
requote_frequency_fast_5,itch_calibrated,naive symmetric,high volatility,9002,6,1000,992,6,0,6,0.006,0.006,4.982,5,173.965,0,0.922,0.922,9,13913,11192,7,6,1,1,2,992,0,0
requote_frequency_fast_5,itch_calibrated,naive symmetric,low volatility,10001,7,1000,992,6,0,6,0.006,0.006,4.985,5,4.37,0,1,1,6,7763,7763,6,6,0,2,0,992,0,0
requote_frequency_fast_5,itch_calibrated,naive symmetric,low volatility,11001,8,1000,990,8,0,8,0.008,0.008,4.975,5,113.641,0,1,1,10,16417,11547,7,8,0,2,2,990,0,0
requote_frequency_fast_5,itch_calibrated,naive symmetric,low volatility,12001,9,1000,989,9,0,9,0.009,0.009,4.97,5,35.73,0,1,1,9,10442,10442,9,9,0,2,0,989,0,0
requote_frequency_fast_5,itch_calibrated,naive symmetric,low volatility,3001,0,1000,988,10,0,10,0.01,0.01,4.977,5,20.007,0,1,1,10,15177,15177,10,10,0,2,0,988,0,0
requote_frequency_fast_5,itch_calibrated,naive symmetric,low volatility,4001,1,1000,988,10,0,10,0.01,0.01,4.972,5,21.642,0,1,1,10,18154,18154,10,10,0,2,0,988,0,0
requote_frequency_fast_5,itch_calibrated,naive symmetric,low volatility,5001,2,1000,989,9,0,9,0.009,0.009,4.975,5,45.084,0,1,1,9,11131,11131,9,9,0,2,0,989,0,0
requote_frequency_fast_5,itch_calibrated,naive symmetric,low volatility,6001,3,1000,992,6,0,6,0.006,0.006,4.975,5,46.85,0,1,1,7,8250,6276,6,6,0,2,1,992,0,0
requote_frequency_fast_5,itch_calibrated,naive symmetric,low volatility,7001,4,1000,983,15,0,15,0.015,0.015,4.955,5,15.526,0,1,1,15,18065,18065,15,15,0,2,0,983,0,0
requote_frequency_fast_5,itch_calibrated,naive symmetric,low volatility,8001,5,1000,987,11,0,11,0.011,0.011,4.976,5,15.114,0,1,1,11,9658,9658,11,11,0,2,0,987,0,0
requote_frequency_fast_5,itch_calibrated,naive symmetric,low volatility,9001,6,1000,988,10,0,10,0.01,0.01,4.972,5,33.996,0,1,1,12,17046,14200,10,10,1,2,1,988,0,0
requote_frequency_fast_5,itch_calibrated,naive symmetric,trending,10003,7,1000,986,12,0,12,0.012,0.012,4.968,5,46.16,0,1,1,13,15300,12989,11,12,0,2,1,986,0,0
requote_frequency_fast_5,itch_calibrated,naive symmetric,trending,11003,8,1000,992,6,0,6,0.006,0.006,4.986,5,16.329,0,1,1,6,7378,7378,6,6,0,1,0,992,0,0
requote_frequency_fast_5,itch_calibrated,naive symmetric,trending,12003,9,1000,989,9,0,9,0.009,0.009,4.962,5,41.959,0,0.998,0.998,9,7713,7713,9,9,0,2,0,989,0,0
requote_frequency_fast_5,itch_calibrated,naive symmetric,trending,3003,0,1000,985,13,0,13,0.013,0.013,4.963,5,35.164,0,1,1,14,19763,19763,14,14,0,2,0,985,0,0
requote_frequency_fast_5,itch_calibrated,naive symmetric,trending,4003,1,1000,989,9,0,9,0.009,0.009,4.973,5,27.953,0,0.998,0.998,9,11213,9458,7,9,0,2,0,989,0,0
requote_frequency_fast_5,itch_calibrated,naive symmetric,trending,5003,2,1000,987,11,0,11,0.011,0.011,4.968,5,14.509,0,1,1,11,13250,13250,11,11,0,2,0,987,0,0
requote_frequency_fast_5,itch_calibrated,naive symmetric,trending,6003,3,1000,990,8,0,8,0.008,0.008,4.971,5,180.764,0,1,1,10,11265,6810,7,8,0,1,2,990,0,0
requote_frequency_fast_5,itch_calibrated,naive symmetric,trending,7003,4,1000,987,11,0,11,0.011,0.011,4.963,5,29.956,0,1,1,11,20195,20195,11,11,0,2,0,987,0,0
requote_frequency_fast_5,itch_calibrated,naive symmetric,trending,8003,5,1000,993,5,0,5,0.005,0.005,4.989,5,29.376,0,1,1,7,8604,7093,5,5,0,2,2,993,0,0
requote_frequency_fast_5,itch_calibrated,naive symmetric,trending,9003,6,1000,990,8,0,8,0.008,0.008,4.977,5,138.946,0,0.989,0.989,11,14225,11294,8,8,0,2,3,990,0,0
requote_frequency_slow_25,itch_calibrated,avellaneda stoikov,high volatility,10002,7,200,193,5,0,5,0.025,0.025,24.565,25,59.205,0,0.995,0.995,6,8181,4701,4,5,0,2,1,193,0,0
requote_frequency_slow_25,itch_calibrated,avellaneda stoikov,high volatility,11002,8,200,190,8,0,8,0.04,0.04,24.465,25,148.025,0,0.94,0.94,11,14254,8669,7,8,0,2,3,190,0,0
requote_frequency_slow_25,itch_calibrated,avellaneda stoikov,high volatility,12002,9,200,188,10,0,10,0.05,0.05,24.42,25,44.525,0,0.98,0.98,9,10631,7873,7,8,0,2,1,188,0,0
requote_frequency_slow_25,itch_calibrated,avellaneda stoikov,high volatility,3002,0,200,188,10,0,10,0.05,0.05,24.335,25,31.35,0,1,1,10,14279,12581,8,8,0,2,2,188,0,0
requote_frequency_slow_25,itch_calibrated,avellaneda stoikov,high volatility,4002,1,200,192,6,0,6,0.03,0.03,24.575,25,158.105,0,0.925,0.925,12,14372,7531,5,6,0,2,6,192,0,0
requote_frequency_slow_25,itch_calibrated,avellaneda stoikov,high volatility,5002,2,200,190,8,0,8,0.04,0.04,24.405,25,62.44,0,0.95,0.95,8,7962,7150,7,7,0,2,1,190,0,0
requote_frequency_slow_25,itch_calibrated,avellaneda stoikov,high volatility,6002,3,200,188,10,0,10,0.05,0.05,24.485,25,103.97,0,0.985,0.985,9,10148,8896,8,8,0,1,1,188,0,0
requote_frequency_slow_25,itch_calibrated,avellaneda stoikov,high volatility,7002,4,200,185,13,0,13,0.065,0.065,23.975,25,78.835,0,0.985,0.985,14,21341,19655,12,12,0,2,2,185,0,0
requote_frequency_slow_25,itch_calibrated,avellaneda stoikov,high volatility,8002,5,200,187,11,0,11,0.055,0.055,24.345,25,79.615,0,0.96,0.96,9,12676,7846,6,9,0,2,0,187,0,0
requote_frequency_slow_25,itch_calibrated,avellaneda stoikov,high volatility,9002,6,200,189,9,0,9,0.045,0.045,24.525,25,128.745,0,0.935,0.935,9,13913,8961,6,7,0,2,2,189,0,0
requote_frequency_slow_25,itch_calibrated,avellaneda stoikov,low volatility,10001,7,200,192,6,0,6,0.03,0.03,24.725,25,0,0,1,1,6,7763,7763,6,6,0,2,0,192,0,0
requote_frequency_slow_25,itch_calibrated,avellaneda stoikov,low volatility,11001,8,200,190,8,0,8,0.04,0.04,24.375,25,115.955,0,1,1,10,16417,11547,7,8,0,2,2,190,0,0
requote_frequency_slow_25,itch_calibrated,avellaneda stoikov,low volatility,12001,9,200,189,9,0,9,0.045,0.045,24.5,25,42.265,0,1,1,9,10442,10442,9,9,0,2,0,189,0,0
requote_frequency_slow_25,itch_calibrated,avellaneda stoikov,low volatility,3001,0,200,188,10,0,10,0.05,0.05,24.26,25,15.15,0,1,1,10,15177,15177,10,10,0,2,0,188,0,0
requote_frequency_slow_25,itch_calibrated,avellaneda stoikov,low volatility,4001,1,200,188,10,0,10,0.05,0.05,24.46,25,20.035,0,1,1,10,18154,18154,10,10,0,2,0,188,0,0
requote_frequency_slow_25,itch_calibrated,avellaneda stoikov,low volatility,5001,2,200,189,9,0,9,0.045,0.045,24.4,25,43.775,0,1,1,9,11131,11131,9,9,0,2,0,189,0,0
requote_frequency_slow_25,itch_calibrated,avellaneda stoikov,low volatility,6001,3,200,192,6,0,6,0.03,0.03,24.475,25,12.8,0,1,1,7,8250,6276,6,6,0,2,1,192,0,0
requote_frequency_slow_25,itch_calibrated,avellaneda stoikov,low volatility,7001,4,200,183,15,0,15,0.075,0.075,23.925,25,11.47,0,1,1,15,18065,18065,15,15,0,2,0,183,0,0
requote_frequency_slow_25,itch_calibrated,avellaneda stoikov,low volatility,8001,5,200,187,11,0,11,0.055,0.055,24.155,25,0.77,0,1,1,11,9658,9658,11,11,0,2,0,187,0,0
requote_frequency_slow_25,itch_calibrated,avellaneda stoikov,low volatility,9001,6,200,188,10,0,10,0.05,0.05,24.42,25,7.15,0,1,1,12,17046,15645,10,10,0,2,2,188,0,0
requote_frequency_slow_25,itch_calibrated,avellaneda stoikov,trending,10003,7,200,186,12,0,12,0.06,0.06,24.04,25,6.75,0,1,1,13,15300,12989,11,12,0,2,1,186,0,0
requote_frequency_slow_25,itch_calibrated,avellaneda stoikov,trending,11003,8,200,192,6,0,6,0.03,0.03,24.48,25,12.775,0,1,1,6,7378,7378,6,6,0,2,0,192,0,0
requote_frequency_slow_25,itch_calibrated,avellaneda stoikov,trending,12003,9,200,189,9,0,9,0.045,0.045,24.235,25,16.065,0,0.995,0.995,9,7713,7713,9,9,0,2,0,189,0,0
requote_frequency_slow_25,itch_calibrated,avellaneda stoikov,trending,3003,0,200,185,13,0,13,0.065,0.065,24.115,25,29.84,0,1,1,14,19763,19763,14,14,0,2,0,185,0,0
requote_frequency_slow_25,itch_calibrated,avellaneda stoikov,trending,4003,1,200,189,9,0,9,0.045,0.045,24.44,25,9.51,0,1,1,9,11213,10226,8,9,0,2,0,189,0,0
requote_frequency_slow_25,itch_calibrated,avellaneda stoikov,trending,5003,2,200,187,11,0,11,0.055,0.055,24.265,25,41.96,0,1,1,11,13250,13250,11,11,0,1,0,187,0,0
requote_frequency_slow_25,itch_calibrated,avellaneda stoikov,trending,6003,3,200,191,7,0,7,0.035,0.035,24.49,25,169.52,0,1,1,10,11265,8019,6,7,0,1,3,191,0,0
requote_frequency_slow_25,itch_calibrated,avellaneda stoikov,trending,7003,4,200,188,11,0,11,0.055,0.055,24.315,25,0.82,0,1,1,11,20195,20195,11,11,0,1,0,188,0,0
requote_frequency_slow_25,itch_calibrated,avellaneda stoikov,trending,8003,5,200,193,5,0,5,0.025,0.025,24.62,25,37.1,0,1,1,7,8604,7093,5,5,0,2,2,193,0,0
requote_frequency_slow_25,itch_calibrated,avellaneda stoikov,trending,9003,6,200,190,8,0,8,0.04,0.04,24.56,25,142.33,0,0.99,0.99,11,14225,11294,8,8,0,2,3,190,0,0
requote_frequency_slow_25,itch_calibrated,naive symmetric,high volatility,10002,7,200,193,5,0,5,0.025,0.025,24.565,25,37.93,0,0.995,0.995,6,8181,4701,4,5,0,2,1,193,0,0
requote_frequency_slow_25,itch_calibrated,naive symmetric,high volatility,11002,8,200,191,7,0,7,0.035,0.035,24.53,25,130.965,0,0.94,0.94,11,14254,8669,7,7,1,2,3,191,0,0
requote_frequency_slow_25,itch_calibrated,naive symmetric,high volatility,12002,9,200,189,9,0,9,0.045,0.045,24.49,25,46.62,0,0.98,0.98,9,10631,7873,7,8,0,2,1,189,0,0
requote_frequency_slow_25,itch_calibrated,naive symmetric,high volatility,3002,0,200,188,10,0,10,0.05,0.05,24.335,25,58.56,0,1,1,10,14279,12581,8,8,0,2,2,188,0,0
requote_frequency_slow_25,itch_calibrated,naive symmetric,high volatility,4002,1,200,192,6,0,6,0.03,0.03,24.575,25,195.595,0,0.925,0.925,12,14372,7531,5,6,0,2,6,192,0,0
requote_frequency_slow_25,itch_calibrated,naive symmetric,high volatility,5002,2,200,190,8,0,8,0.04,0.04,24.405,25,74.155,0,0.95,0.95,8,7962,7150,7,7,0,2,1,190,0,0
requote_frequency_slow_25,itch_calibrated,naive symmetric,high volatility,6002,3,200,188,10,0,10,0.05,0.05,24.485,25,106.86,0,0.985,0.985,9,10148,8896,8,8,0,2,1,188,0,0
requote_frequency_slow_25,itch_calibrated,naive symmetric,high volatility,7002,4,200,185,13,0,13,0.065,0.065,23.975,25,31.63,0,0.985,0.985,14,21341,19655,12,12,0,2,2,185,0,0
requote_frequency_slow_25,itch_calibrated,naive symmetric,high volatility,8002,5,200,187,11,0,11,0.055,0.055,24.345,25,84.835,0,0.96,0.96,9,12676,7846,6,9,0,1,0,187,0,0
requote_frequency_slow_25,itch_calibrated,naive symmetric,high volatility,9002,6,200,190,8,0,8,0.04,0.04,24.65,25,152.49,0,0.935,0.935,9,13913,8961,6,6,1,1,2,190,0,0
requote_frequency_slow_25,itch_calibrated,naive symmetric,low volatility,10001,7,200,192,6,0,6,0.03,0.03,24.725,25,0,0,1,1,6,7763,7763,6,6,0,2,0,192,0,0
requote_frequency_slow_25,itch_calibrated,naive symmetric,low volatility,11001,8,200,190,8,0,8,0.04,0.04,24.375,25,77.775,0,1,1,10,16417,11547,7,8,0,2,2,190,0,0
requote_frequency_slow_25,itch_calibrated,naive symmetric,low volatility,12001,9,200,189,9,0,9,0.045,0.045,24.5,25,28.855,0,1,1,9,10442,10442,9,9,0,2,0,189,0,0
requote_frequency_slow_25,itch_calibrated,naive symmetric,low volatility,3001,0,200,188,10,0,10,0.05,0.05,24.26,25,27.625,0,1,1,10,15177,15177,10,10,0,2,0,188,0,0
requote_frequency_slow_25,itch_calibrated,naive symmetric,low volatility,4001,1,200,188,10,0,10,0.05,0.05,24.46,25,23.93,0,1,1,10,18154,18154,10,10,0,2,0,188,0,0
requote_frequency_slow_25,itch_calibrated,naive symmetric,low volatility,5001,2,200,189,9,0,9,0.045,0.045,24.4,25,51.795,0,1,1,9,11131,11131,9,9,0,2,0,189,0,0
requote_frequency_slow_25,itch_calibrated,naive symmetric,low volatility,6001,3,200,192,6,0,6,0.03,0.03,24.475,25,18.495,0,1,1,7,8250,6276,6,6,0,2,1,192,0,0
requote_frequency_slow_25,itch_calibrated,naive symmetric,low volatility,7001,4,200,183,15,0,15,0.075,0.075,23.925,25,23.365,0,1,1,15,18065,18065,15,15,0,2,0,183,0,0
requote_frequency_slow_25,itch_calibrated,naive symmetric,low volatility,8001,5,200,187,11,0,11,0.055,0.055,24.155,25,13.055,0,1,1,11,9658,9658,11,11,0,2,0,187,0,0
requote_frequency_slow_25,itch_calibrated,naive symmetric,low volatility,9001,6,200,189,9,0,9,0.045,0.045,24.455,25,34.645,0,1,1,12,17046,15645,10,9,1,2,2,189,0,0
requote_frequency_slow_25,itch_calibrated,naive symmetric,trending,10003,7,200,186,12,0,12,0.06,0.06,24.04,25,48.28,0,1,1,13,15300,12989,11,12,0,2,1,186,0,0
requote_frequency_slow_25,itch_calibrated,naive symmetric,trending,11003,8,200,192,6,0,6,0.03,0.03,24.48,25,4.415,0,1,1,6,7378,7378,6,6,0,2,0,192,0,0
requote_frequency_slow_25,itch_calibrated,naive symmetric,trending,12003,9,200,189,9,0,9,0.045,0.045,24.235,25,36.755,0,0.995,0.995,9,7713,7713,9,9,0,2,0,189,0,0
requote_frequency_slow_25,itch_calibrated,naive symmetric,trending,3003,0,200,185,13,0,13,0.065,0.065,24.115,25,27.1,0,1,1,14,19763,19763,14,14,0,2,0,185,0,0
requote_frequency_slow_25,itch_calibrated,naive symmetric,trending,4003,1,200,189,9,0,9,0.045,0.045,24.44,25,39.44,0,1,1,9,11213,10226,8,9,0,2,0,189,0,0
requote_frequency_slow_25,itch_calibrated,naive symmetric,trending,5003,2,200,187,11,0,11,0.055,0.055,24.265,25,27.215,0,1,1,11,13250,13250,11,11,0,1,0,187,0,0
requote_frequency_slow_25,itch_calibrated,naive symmetric,trending,6003,3,200,191,7,0,7,0.035,0.035,24.49,25,194.44,0,1,1,10,11265,8019,6,7,0,1,3,191,0,0
requote_frequency_slow_25,itch_calibrated,naive symmetric,trending,7003,4,200,188,11,0,11,0.055,0.055,24.315,25,12.54,0,1,1,11,20195,20195,11,11,0,1,0,188,0,0
requote_frequency_slow_25,itch_calibrated,naive symmetric,trending,8003,5,200,193,5,0,5,0.025,0.025,24.62,25,11.465,0,1,1,7,8604,7093,5,5,0,2,2,193,0,0
requote_frequency_slow_25,itch_calibrated,naive symmetric,trending,9003,6,200,190,8,0,8,0.04,0.04,24.56,25,167.83,0,0.99,0.99,11,14225,11294,8,8,0,2,3,190,0,0
zero_initial_queue_subset,itch_calibrated,avellaneda stoikov,high volatility,10002,7,486,479,5,0,5,0.0102880658436,0.0102880658436,9.94855967078,10,0,0,0.995884773663,0.995884773663,0,0,0,0,0,0,2,0,479,0,0
zero_initial_queue_subset,itch_calibrated,avellaneda stoikov,high volatility,11002,8,456,445,9,0,9,0.0197368421053,0.0197368421053,9.90789473684,10,0,0,0.953947368421,0.953947368421,0,0,0,0,0,0,2,0,445,0,0
zero_initial_queue_subset,itch_calibrated,avellaneda stoikov,high volatility,12002,9,489,479,8,0,8,0.0163599182004,0.0163599182004,9.92024539877,10,0,0,0.979550102249,0.979550102249,0,0,0,0,0,0,2,0,479,0,0
zero_initial_queue_subset,itch_calibrated,avellaneda stoikov,high volatility,3002,0,487,477,8,0,8,0.0164271047228,0.0164271047228,9.93223819302,10,0,0,0.99794661191,0.99794661191,0,0,0,0,0,0,2,0,477,0,0
zero_initial_queue_subset,itch_calibrated,avellaneda stoikov,high volatility,4002,1,433,423,8,0,8,0.0184757505774,0.0184757505774,9.87066974596,10,0,0,0.926096997691,0.926096997691,0,0,0,0,0,0,2,0,423,0,0
zero_initial_queue_subset,itch_calibrated,avellaneda stoikov,high volatility,5002,2,473,464,7,0,7,0.014799154334,0.014799154334,9.90486257928,10,0,0,0.957716701903,0.957716701903,0,0,0,0,0,0,2,0,464,0,0
zero_initial_queue_subset,itch_calibrated,avellaneda stoikov,high volatility,6002,3,468,458,8,0,8,0.017094017094,0.017094017094,9.89957264957,10,0,0,0.976495726496,0.976495726496,0,0,0,0,0,0,2,0,458,0,0
zero_initial_queue_subset,itch_calibrated,avellaneda stoikov,high volatility,7002,4,479,464,13,0,13,0.027139874739,0.027139874739,9.86847599165,10,0,0,0.979123173278,0.979123173278,0,0,0,0,0,0,2,0,464,0,0
zero_initial_queue_subset,itch_calibrated,avellaneda stoikov,high volatility,8002,5,462,453,7,0,7,0.0151515151515,0.0151515151515,9.92207792208,10,0,0,0.950216450216,0.950216450216,0,0,0,0,0,0,2,0,453,0,0
zero_initial_queue_subset,itch_calibrated,avellaneda stoikov,high volatility,9002,6,451,444,5,0,5,0.0110864745011,0.0110864745011,9.91574279379,10,0,0,0.911308203991,0.911308203991,0,0,0,0,0,0,2,0,444,0,0
zero_initial_queue_subset,itch_calibrated,avellaneda stoikov,low volatility,10001,7,500,492,6,0,6,0.012,0.012,9.93,10,0,0,1,1,0,0,0,0,0,0,2,0,492,0,0
zero_initial_queue_subset,itch_calibrated,avellaneda stoikov,low volatility,11001,8,465,455,8,0,8,0.0172043010753,0.0172043010753,9.90322580645,10,0,0,1,1,0,0,0,0,0,0,2,0,455,0,0
zero_initial_queue_subset,itch_calibrated,avellaneda stoikov,low volatility,12001,9,493,482,9,0,9,0.0182555780933,0.0182555780933,9.88843813387,10,0,0,1,1,0,0,0,0,0,0,2,0,482,0,0
zero_initial_queue_subset,itch_calibrated,avellaneda stoikov,low volatility,3001,0,496,484,10,0,10,0.0201612903226,0.0201612903226,9.87298387097,10,0,0,1,1,0,0,0,0,0,0,2,0,484,0,0
zero_initial_queue_subset,itch_calibrated,avellaneda stoikov,low volatility,4001,1,489,477,10,0,10,0.0204498977505,0.0204498977505,9.88139059305,10,0,0,1,1,0,0,0,0,0,0,2,0,477,0,0
zero_initial_queue_subset,itch_calibrated,avellaneda stoikov,low volatility,5001,2,480,469,9,0,9,0.01875,0.01875,9.88541666667,10,0,0,1,1,0,0,0,0,0,0,2,0,469,0,0
zero_initial_queue_subset,itch_calibrated,avellaneda stoikov,low volatility,6001,3,487,479,6,0,6,0.0123203285421,0.0123203285421,9.91786447639,10,0,0,1,1,0,0,0,0,0,0,2,0,479,0,0
zero_initial_queue_subset,itch_calibrated,avellaneda stoikov,low volatility,7001,4,493,476,15,0,15,0.0304259634888,0.0304259634888,9.83772819473,10,0,0,1,1,0,0,0,0,0,0,2,0,476,0,0
zero_initial_queue_subset,itch_calibrated,avellaneda stoikov,low volatility,8001,5,495,482,11,0,11,0.0222222222222,0.0222222222222,9.88080808081,10,0,0,1,1,0,0,0,0,0,0,2,0,482,0,0
zero_initial_queue_subset,itch_calibrated,avellaneda stoikov,low volatility,9001,6,489,479,8,0,8,0.0163599182004,0.0163599182004,9.90593047035,10,0,0,1,1,0,0,0,0,0,0,2,0,479,0,0
zero_initial_queue_subset,itch_calibrated,avellaneda stoikov,trending,10003,7,489,475,12,0,12,0.0245398773006,0.0245398773006,9.87321063395,10,0,0,1,1,0,0,0,0,0,0,2,0,475,0,0
zero_initial_queue_subset,itch_calibrated,avellaneda stoikov,trending,11003,8,493,485,6,0,6,0.0121703853955,0.0121703853955,9.94117647059,10,0,0,1,1,0,0,0,0,0,0,2,0,485,0,0
zero_initial_queue_subset,itch_calibrated,avellaneda stoikov,trending,12003,9,492,481,9,0,9,0.0182926829268,0.0182926829268,9.89227642276,10,0,0,0.997967479675,0.997967479675,0,0,0,0,0,0,2,0,481,0,0
zero_initial_queue_subset,itch_calibrated,avellaneda stoikov,trending,3003,0,489,475,12,0,12,0.0245398773006,0.0245398773006,9.84049079755,10,0,0,1,1,0,0,0,0,0,0,2,0,475,0,0
zero_initial_queue_subset,itch_calibrated,avellaneda stoikov,trending,4003,1,490,479,9,0,9,0.0183673469388,0.0183673469388,9.91428571429,10,0,0,1,1,0,0,0,0,0,0,2,0,479,0,0
zero_initial_queue_subset,itch_calibrated,avellaneda stoikov,trending,5003,2,490,478,11,0,11,0.0224489795918,0.0224489795918,9.85306122449,10,0,0,1,1,0,0,0,0,0,0,1,0,478,0,0
zero_initial_queue_subset,itch_calibrated,avellaneda stoikov,trending,6003,3,434,426,6,0,6,0.0138248847926,0.0138248847926,9.91244239631,10,0,0,1,1,0,0,0,0,0,0,2,0,426,0,0
zero_initial_queue_subset,itch_calibrated,avellaneda stoikov,trending,7003,4,494,481,11,0,11,0.0222672064777,0.0222672064777,9.87449392713,10,0,0,1,1,0,0,0,0,0,0,2,0,481,0,0
zero_initial_queue_subset,itch_calibrated,avellaneda stoikov,trending,8003,5,489,482,5,0,5,0.0102249488753,0.0102249488753,9.94683026585,10,0,0,1,1,0,0,0,0,0,0,2,0,482,0,0
zero_initial_queue_subset,itch_calibrated,avellaneda stoikov,trending,9003,6,451,442,8,0,8,0.0177383592018,0.0177383592018,9.91574279379,10,0,0,0.988913525499,0.988913525499,0,0,0,0,0,0,1,0,442,0,0
zero_initial_queue_subset,itch_calibrated,naive symmetric,high volatility,10002,7,491,484,5,0,5,0.010183299389,0.010183299389,9.94908350305,10,0,0,0.995926680244,0.995926680244,0,0,0,0,0,0,2,0,484,0,0
zero_initial_queue_subset,itch_calibrated,naive symmetric,high volatility,11002,8,456,446,8,0,8,0.0175438596491,0.0175438596491,9.9298245614,10,0,0,0.953947368421,0.953947368421,0,0,0,0,0,0,2,0,446,0,0
zero_initial_queue_subset,itch_calibrated,naive symmetric,high volatility,12002,9,484,474,8,0,8,0.0165289256198,0.0165289256198,9.9194214876,10,0,0,0.979338842975,0.979338842975,0,0,0,0,0,0,2,0,474,0,0
zero_initial_queue_subset,itch_calibrated,naive symmetric,high volatility,3002,0,484,475,7,0,7,0.0144628099174,0.0144628099174,9.93388429752,10,0,0,0.997933884298,0.997933884298,0,0,0,0,0,0,2,0,475,0,0
zero_initial_queue_subset,itch_calibrated,naive symmetric,high volatility,4002,1,430,420,8,0,8,0.0186046511628,0.0186046511628,9.86976744186,10,0,0,0.925581395349,0.925581395349,0,0,0,0,0,0,2,0,420,0,0
zero_initial_queue_subset,itch_calibrated,naive symmetric,high volatility,5002,2,472,463,7,0,7,0.0148305084746,0.0148305084746,9.90466101695,10,0,0,0.957627118644,0.957627118644,0,0,0,0,0,0,2,0,463,0,0
zero_initial_queue_subset,itch_calibrated,naive symmetric,high volatility,6002,3,465,457,7,0,7,0.0150537634409,0.0150537634409,9.90537634409,10,0,0,0.976344086022,0.976344086022,0,0,0,0,0,0,1,0,457,0,0
zero_initial_queue_subset,itch_calibrated,naive symmetric,high volatility,7002,4,480,466,12,0,12,0.025,0.025,9.87916666667,10,0,0,0.979166666667,0.979166666667,0,0,0,0,0,0,2,0,466,0,0
zero_initial_queue_subset,itch_calibrated,naive symmetric,high volatility,8002,5,455,447,6,0,6,0.0131868131868,0.0131868131868,9.92967032967,10,0,0,0.949450549451,0.949450549451,0,0,0,0,0,0,2,0,447,0,0
zero_initial_queue_subset,itch_calibrated,naive symmetric,high volatility,9002,6,446,439,5,0,5,0.0112107623318,0.0112107623318,9.91479820628,10,0,0,0.910313901345,0.910313901345,0,0,0,0,0,0,2,0,439,0,0
zero_initial_queue_subset,itch_calibrated,naive symmetric,low volatility,10001,7,498,490,6,0,6,0.0120481927711,0.0120481927711,9.9297188755,10,0,0,1,1,0,0,0,0,0,0,2,0,490,0,0
zero_initial_queue_subset,itch_calibrated,naive symmetric,low volatility,11001,8,468,458,8,0,8,0.017094017094,0.017094017094,9.90384615385,10,0,0,1,1,0,0,0,0,0,0,2,0,458,0,0
zero_initial_queue_subset,itch_calibrated,naive symmetric,low volatility,12001,9,489,478,9,0,9,0.0184049079755,0.0184049079755,9.88752556237,10,0,0,1,1,0,0,0,0,0,0,2,0,478,0,0
zero_initial_queue_subset,itch_calibrated,naive symmetric,low volatility,3001,0,492,480,10,0,10,0.020325203252,0.020325203252,9.87195121951,10,0,0,1,1,0,0,0,0,0,0,2,0,480,0,0
zero_initial_queue_subset,itch_calibrated,naive symmetric,low volatility,4001,1,486,474,10,0,10,0.0205761316872,0.0205761316872,9.88065843621,10,0,0,1,1,0,0,0,0,0,0,2,0,474,0,0
zero_initial_queue_subset,itch_calibrated,naive symmetric,low volatility,5001,2,478,468,8,0,8,0.0167364016736,0.0167364016736,9.89958158996,10,0,0,1,1,0,0,0,0,0,0,2,0,468,0,0
zero_initial_queue_subset,itch_calibrated,naive symmetric,low volatility,6001,3,482,474,6,0,6,0.0124481327801,0.0124481327801,9.91701244813,10,0,0,1,1,0,0,0,0,0,0,2,0,474,0,0
zero_initial_queue_subset,itch_calibrated,naive symmetric,low volatility,7001,4,491,474,15,0,15,0.030549898167,0.030549898167,9.83706720978,10,0,0,1,1,0,0,0,0,0,0,2,0,474,0,0
zero_initial_queue_subset,itch_calibrated,naive symmetric,low volatility,8001,5,494,481,11,0,11,0.0222672064777,0.0222672064777,9.88056680162,10,0,0,1,1,0,0,0,0,0,0,2,0,481,0,0
zero_initial_queue_subset,itch_calibrated,naive symmetric,low volatility,9001,6,485,474,9,0,9,0.0185567010309,0.0185567010309,9.89896907216,10,0,0,1,1,0,0,0,0,0,0,2,0,474,0,0
zero_initial_queue_subset,itch_calibrated,naive symmetric,trending,10003,7,480,466,12,0,12,0.025,0.025,9.87083333333,10,0,0,1,1,0,0,0,0,0,0,2,0,466,0,0
zero_initial_queue_subset,itch_calibrated,naive symmetric,trending,11003,8,497,489,6,0,6,0.0120724346076,0.0120724346076,9.9416498994,10,0,0,1,1,0,0,0,0,0,0,2,0,489,0,0
zero_initial_queue_subset,itch_calibrated,naive symmetric,trending,12003,9,487,476,9,0,9,0.0184804928131,0.0184804928131,9.89117043121,10,0,0,0.99794661191,0.99794661191,0,0,0,0,0,0,2,0,476,0,0
zero_initial_queue_subset,itch_calibrated,naive symmetric,trending,3003,0,486,472,12,0,12,0.0246913580247,0.0246913580247,9.83950617284,10,0,0,1,1,0,0,0,0,0,0,2,0,472,0,0
zero_initial_queue_subset,itch_calibrated,naive symmetric,trending,4003,1,489,478,9,0,9,0.0184049079755,0.0184049079755,9.91411042945,10,0,0,1,1,0,0,0,0,0,0,2,0,478,0,0
zero_initial_queue_subset,itch_calibrated,naive symmetric,trending,5003,2,494,481,11,0,11,0.0222672064777,0.0222672064777,9.85425101215,10,0,0,1,1,0,0,0,0,0,0,2,0,481,0,0
zero_initial_queue_subset,itch_calibrated,naive symmetric,trending,6003,3,441,433,6,0,6,0.0136054421769,0.0136054421769,9.91383219955,10,0,0,1,1,0,0,0,0,0,0,2,0,433,0,0
zero_initial_queue_subset,itch_calibrated,naive symmetric,trending,7003,4,495,482,11,0,11,0.0222222222222,0.0222222222222,9.87474747475,10,0,0,1,1,0,0,0,0,0,0,2,0,482,0,0
zero_initial_queue_subset,itch_calibrated,naive symmetric,trending,8003,5,487,480,5,0,5,0.0102669404517,0.0102669404517,9.94661190965,10,0,0,1,1,0,0,0,0,0,0,2,0,480,0,0
zero_initial_queue_subset,itch_calibrated,naive symmetric,trending,9003,6,450,440,8,0,8,0.0177777777778,0.0177777777778,9.91555555556,10,0,0,0.988888888889,0.988888888889,0,0,0,0,0,0,2,0,440,0,0
