comparison,scenario,regime,seed_index,metric,left_value,right_value,delta
avellaneda_stoikov_minus_naive,as_risk_aversion_high,trending,0,fill_rate,0.5341,0.5311,0.003
avellaneda_stoikov_minus_naive,as_risk_aversion_high,trending,0,gross_spread_capture,40228.2043722,41993.1360019,-1764.9316297
avellaneda_stoikov_minus_naive,as_risk_aversion_high,trending,0,inventory_pnl,66392.32786,69089.8291557,-2697.5012957
avellaneda_stoikov_minus_naive,as_risk_aversion_high,trending,0,adverse_selection_cost,2720.45090807,2174.05730488,546.39360319
avellaneda_stoikov_minus_naive,as_risk_aversion_high,trending,0,fee_pnl,106.82,106.22,0.6
avellaneda_stoikov_minus_naive,as_risk_aversion_high,trending,0,net_pnl_after_fees,106727.352232,111189.185158,-4461.832926
avellaneda_stoikov_minus_naive,as_risk_aversion_high,trending,0,terminal_liquidation_cost,0,0,0
avellaneda_stoikov_minus_naive,as_risk_aversion_high,trending,0,terminal_inventory_penalty,0,0,0
avellaneda_stoikov_minus_naive,as_risk_aversion_high,trending,0,risk_adjusted_pnl,5.34112157547,5.46589585357,-0.1247742781
avellaneda_stoikov_minus_naive,as_risk_aversion_high,trending,0,maximum_drawdown,19982.1986308,20342.3534104,-360.1547796
avellaneda_stoikov_minus_naive,as_risk_aversion_high,trending,0,inventory_variance,348640.365196,361750.214576,-13109.84938
avellaneda_stoikov_minus_naive,as_risk_aversion_high,trending,0,pre_liquidation_inventory,1797,1827,-30
avellaneda_stoikov_minus_naive,as_risk_aversion_high,trending,0,final_inventory,1797,1827,-30
avellaneda_stoikov_minus_naive,as_risk_aversion_high,trending,0,maker_fills,570,567,3
avellaneda_stoikov_minus_naive,as_risk_aversion_high,trending,0,market_maker_filled_quantity,5341,5311,30
avellaneda_stoikov_minus_naive,as_risk_aversion_high,trending,1,fill_rate,0.5056,0.5036,0.002
avellaneda_stoikov_minus_naive,as_risk_aversion_high,trending,1,gross_spread_capture,43377.5278289,44942.9886653,-1565.4608364
avellaneda_stoikov_minus_naive,as_risk_aversion_high,trending,1,inventory_pnl,53780.5758762,53507.1150398,273.4608364
avellaneda_stoikov_minus_naive,as_risk_aversion_high,trending,1,adverse_selection_cost,2940.38157691,2478.70778278,461.67379413
avellaneda_stoikov_minus_naive,as_risk_aversion_high,trending,1,fee_pnl,101.12,100.72,0.4
avellaneda_stoikov_minus_naive,as_risk_aversion_high,trending,1,net_pnl_after_fees,97259.2237051,98550.8237051,-1291.6
avellaneda_stoikov_minus_naive,as_risk_aversion_high,trending,1,terminal_liquidation_cost,0,0,0
avellaneda_stoikov_minus_naive,as_risk_aversion_high,trending,1,terminal_inventory_penalty,0,0,0
avellaneda_stoikov_minus_naive,as_risk_aversion_high,trending,1,risk_adjusted_pnl,2.9699848615,3.01034544738,-0.04036058588
avellaneda_stoikov_minus_naive,as_risk_aversion_high,trending,1,maximum_drawdown,32747.3802866,32737.3802866,10
avellaneda_stoikov_minus_naive,as_risk_aversion_high,trending,1,inventory_variance,403484.272042,404409.75585,-925.483808
avellaneda_stoikov_minus_naive,as_risk_aversion_high,trending,1,pre_liquidation_inventory,1918,1918,0
avellaneda_stoikov_minus_naive,as_risk_aversion_high,trending,1,final_inventory,1918,1918,0
avellaneda_stoikov_minus_naive,as_risk_aversion_high,trending,1,maker_fills,540,538,2
avellaneda_stoikov_minus_naive,as_risk_aversion_high,trending,1,market_maker_filled_quantity,5056,5036,20
avellaneda_stoikov_minus_naive,as_risk_aversion_low,trending,0,fill_rate,0.5341,0.5311,0.003
avellaneda_stoikov_minus_naive,as_risk_aversion_low,trending,0,gross_spread_capture,40319.2043722,41993.1360019,-1673.9316297
avellaneda_stoikov_minus_naive,as_risk_aversion_low,trending,0,inventory_pnl,66392.32786,69089.8291557,-2697.5012957
avellaneda_stoikov_minus_naive,as_risk_aversion_low,trending,0,adverse_selection_cost,2667.72232151,2174.05730488,493.66501663
avellaneda_stoikov_minus_naive,as_risk_aversion_low,trending,0,fee_pnl,106.82,106.22,0.6
avellaneda_stoikov_minus_naive,as_risk_aversion_low,trending,0,net_pnl_after_fees,106818.352232,111189.185158,-4370.832926
avellaneda_stoikov_minus_naive,as_risk_aversion_low,trending,0,terminal_liquidation_cost,0,0,0
avellaneda_stoikov_minus_naive,as_risk_aversion_low,trending,0,terminal_inventory_penalty,0,0,0
avellaneda_stoikov_minus_naive,as_risk_aversion_low,trending,0,risk_adjusted_pnl,5.34567562889,5.46589585357,-0.12022022468
avellaneda_stoikov_minus_naive,as_risk_aversion_low,trending,0,maximum_drawdown,19982.1986308,20342.3534104,-360.1547796
avellaneda_stoikov_minus_naive,as_risk_aversion_low,trending,0,inventory_variance,348640.365196,361750.214576,-13109.84938
avellaneda_stoikov_minus_naive,as_risk_aversion_low,trending,0,pre_liquidation_inventory,1797,1827,-30
avellaneda_stoikov_minus_naive,as_risk_aversion_low,trending,0,final_inventory,1797,1827,-30
avellaneda_stoikov_minus_naive,as_risk_aversion_low,trending,0,maker_fills,570,567,3
avellaneda_stoikov_minus_naive,as_risk_aversion_low,trending,0,market_maker_filled_quantity,5341,5311,30
avellaneda_stoikov_minus_naive,as_risk_aversion_low,trending,1,fill_rate,0.5056,0.5036,0.002
avellaneda_stoikov_minus_naive,as_risk_aversion_low,trending,1,gross_spread_capture,43399.5278289,44942.9886653,-1543.4608364
avellaneda_stoikov_minus_naive,as_risk_aversion_low,trending,1,inventory_pnl,53780.5758762,53507.1150398,273.4608364
avellaneda_stoikov_minus_naive,as_risk_aversion_low,trending,1,adverse_selection_cost,2933.34835045,2478.70778278,454.64056767
avellaneda_stoikov_minus_naive,as_risk_aversion_low,trending,1,fee_pnl,101.12,100.72,0.4
avellaneda_stoikov_minus_naive,as_risk_aversion_low,trending,1,net_pnl_after_fees,97281.2237051,98550.8237051,-1269.6
avellaneda_stoikov_minus_naive,as_risk_aversion_low,trending,1,terminal_liquidation_cost,0,0,0
avellaneda_stoikov_minus_naive,as_risk_aversion_low,trending,1,terminal_inventory_penalty,0,0,0
avellaneda_stoikov_minus_naive,as_risk_aversion_low,trending,1,risk_adjusted_pnl,2.97065667097,3.01034544738,-0.03968877641
avellaneda_stoikov_minus_naive,as_risk_aversion_low,trending,1,maximum_drawdown,32747.3802866,32737.3802866,10
avellaneda_stoikov_minus_naive,as_risk_aversion_low,trending,1,inventory_variance,403484.272042,404409.75585,-925.483808
avellaneda_stoikov_minus_naive,as_risk_aversion_low,trending,1,pre_liquidation_inventory,1918,1918,0
avellaneda_stoikov_minus_naive,as_risk_aversion_low,trending,1,final_inventory,1918,1918,0
avellaneda_stoikov_minus_naive,as_risk_aversion_low,trending,1,maker_fills,540,538,2
avellaneda_stoikov_minus_naive,as_risk_aversion_low,trending,1,market_maker_filled_quantity,5056,5036,20
avellaneda_stoikov_minus_naive,hand_chosen_flow,trending,0,fill_rate,0.5341,0.5311,0.003
avellaneda_stoikov_minus_naive,hand_chosen_flow,trending,0,gross_spread_capture,40289.2043722,41993.1360019,-1703.9316297
avellaneda_stoikov_minus_naive,hand_chosen_flow,trending,0,inventory_pnl,66392.32786,69089.8291557,-2697.5012957
avellaneda_stoikov_minus_naive,hand_chosen_flow,trending,0,adverse_selection_cost,2677.72232151,2174.05730488,503.66501663
avellaneda_stoikov_minus_naive,hand_chosen_flow,trending,0,fee_pnl,106.82,106.22,0.6
avellaneda_stoikov_minus_naive,hand_chosen_flow,trending,0,net_pnl_after_fees,106788.352232,111189.185158,-4400.832926
avellaneda_stoikov_minus_naive,hand_chosen_flow,trending,0,terminal_liquidation_cost,0,0,0
avellaneda_stoikov_minus_naive,hand_chosen_flow,trending,0,terminal_inventory_penalty,0,0,0
avellaneda_stoikov_minus_naive,hand_chosen_flow,trending,0,risk_adjusted_pnl,5.34417429259,5.46589585357,-0.12172156098
avellaneda_stoikov_minus_naive,hand_chosen_flow,trending,0,maximum_drawdown,19982.1986308,20342.3534104,-360.1547796
avellaneda_stoikov_minus_naive,hand_chosen_flow,trending,0,inventory_variance,348640.365196,361750.214576,-13109.84938
avellaneda_stoikov_minus_naive,hand_chosen_flow,trending,0,pre_liquidation_inventory,1797,1827,-30
avellaneda_stoikov_minus_naive,hand_chosen_flow,trending,0,final_inventory,1797,1827,-30
avellaneda_stoikov_minus_naive,hand_chosen_flow,trending,0,maker_fills,570,567,3
avellaneda_stoikov_minus_naive,hand_chosen_flow,trending,0,market_maker_filled_quantity,5341,5311,30
avellaneda_stoikov_minus_naive,hand_chosen_flow,trending,1,fill_rate,0.5056,0.5036,0.002
avellaneda_stoikov_minus_naive,hand_chosen_flow,trending,1,gross_spread_capture,43399.5278289,44942.9886653,-1543.4608364
avellaneda_stoikov_minus_naive,hand_chosen_flow,trending,1,inventory_pnl,53780.5758762,53507.1150398,273.4608364
avellaneda_stoikov_minus_naive,hand_chosen_flow,trending,1,adverse_selection_cost,2933.34835045,2478.70778278,454.64056767
avellaneda_stoikov_minus_naive,hand_chosen_flow,trending,1,fee_pnl,101.12,100.72,0.4
avellaneda_stoikov_minus_naive,hand_chosen_flow,trending,1,net_pnl_after_fees,97281.2237051,98550.8237051,-1269.6
avellaneda_stoikov_minus_naive,hand_chosen_flow,trending,1,terminal_liquidation_cost,0,0,0
avellaneda_stoikov_minus_naive,hand_chosen_flow,trending,1,terminal_inventory_penalty,0,0,0
avellaneda_stoikov_minus_naive,hand_chosen_flow,trending,1,risk_adjusted_pnl,2.97065667097,3.01034544738,-0.03968877641
avellaneda_stoikov_minus_naive,hand_chosen_flow,trending,1,maximum_drawdown,32747.3802866,32737.3802866,10
avellaneda_stoikov_minus_naive,hand_chosen_flow,trending,1,inventory_variance,403484.272042,404409.75585,-925.483808
avellaneda_stoikov_minus_naive,hand_chosen_flow,trending,1,pre_liquidation_inventory,1918,1918,0
avellaneda_stoikov_minus_naive,hand_chosen_flow,trending,1,final_inventory,1918,1918,0
avellaneda_stoikov_minus_naive,hand_chosen_flow,trending,1,maker_fills,540,538,2
avellaneda_stoikov_minus_naive,hand_chosen_flow,trending,1,market_maker_filled_quantity,5056,5036,20
avellaneda_stoikov_minus_naive,increased_execution_intensity_10x,trending,0,fill_rate,0.2001,0.1991,0.001
avellaneda_stoikov_minus_naive,increased_execution_intensity_10x,trending,0,gross_spread_capture,8978.13281935,9926.50759579,-948.37477644
avellaneda_stoikov_minus_naive,increased_execution_intensity_10x,trending,0,inventory_pnl,-18150.627324,-17626.5244587,-524.1028653
avellaneda_stoikov_minus_naive,increased_execution_intensity_10x,trending,0,adverse_selection_cost,1455.4473148,1253.60569368,201.84162112
avellaneda_stoikov_minus_naive,increased_execution_intensity_10x,trending,0,fee_pnl,40.02,39.82,0.2
avellaneda_stoikov_minus_naive,increased_execution_intensity_10x,trending,0,net_pnl_after_fees,-9132.4745047,-7660.19686289,-1472.27764181
avellaneda_stoikov_minus_naive,increased_execution_intensity_10x,trending,0,terminal_liquidation_cost,0,0,0
avellaneda_stoikov_minus_naive,increased_execution_intensity_10x,trending,0,terminal_inventory_penalty,0,0,0
avellaneda_stoikov_minus_naive,increased_execution_intensity_10x,trending,0,risk_adjusted_pnl,-0.69740331025,-0.647300442438,-0.050102867812
avellaneda_stoikov_minus_naive,increased_execution_intensity_10x,trending,0,maximum_drawdown,13094.9686795,11834.0670895,1260.90159
avellaneda_stoikov_minus_naive,increased_execution_intensity_10x,trending,0,inventory_variance,2787.82642716,2444.30127996,343.5251472
avellaneda_stoikov_minus_naive,increased_execution_intensity_10x,trending,0,pre_liquidation_inventory,-159,-149,-10
avellaneda_stoikov_minus_naive,increased_execution_intensity_10x,trending,0,final_inventory,-159,-149,-10
avellaneda_stoikov_minus_naive,increased_execution_intensity_10x,trending,0,maker_fills,202,201,1
avellaneda_stoikov_minus_naive,increased_execution_intensity_10x,trending,0,market_maker_filled_quantity,2001,1991,10
avellaneda_stoikov_minus_naive,increased_execution_intensity_10x,trending,1,fill_rate,0.1691,0.1691,0
avellaneda_stoikov_minus_naive,increased_execution_intensity_10x,trending,1,gross_spread_capture,7900.94148438,8770.94148438,-870
avellaneda_stoikov_minus_naive,increased_execution_intensity_10x,trending,1,inventory_pnl,-14922.8207221,-14922.8207221,0
avellaneda_stoikov_minus_naive,increased_execution_intensity_10x,trending,1,adverse_selection_cost,1224.13276267,1082.71111354,141.42164913
avellaneda_stoikov_minus_naive,increased_execution_intensity_10x,trending,1,fee_pnl,33.82,33.82,0
avellaneda_stoikov_minus_naive,increased_execution_intensity_10x,trending,1,net_pnl_after_fees,-6988.05923773,-6118.05923773,-870
avellaneda_stoikov_minus_naive,increased_execution_intensity_10x,trending,1,terminal_liquidation_cost,0,0,0
avellaneda_stoikov_minus_naive,increased_execution_intensity_10x,trending,1,terminal_inventory_penalty,0,0,0
avellaneda_stoikov_minus_naive,increased_execution_intensity_10x,trending,1,risk_adjusted_pnl,-0.587746984313,-0.539056452292,-0.048690532021
avellaneda_stoikov_minus_naive,increased_execution_intensity_10x,trending,1,maximum_drawdown,11889.5705537,11349.5705537,540
avellaneda_stoikov_minus_naive,increased_execution_intensity_10x,trending,1,inventory_variance,3412.093536,3412.093536,0
avellaneda_stoikov_minus_naive,increased_execution_intensity_10x,trending,1,pre_liquidation_inventory,-129,-129,0
avellaneda_stoikov_minus_naive,increased_execution_intensity_10x,trending,1,final_inventory,-129,-129,0
avellaneda_stoikov_minus_naive,increased_execution_intensity_10x,trending,1,maker_fills,170,170,0
avellaneda_stoikov_minus_naive,increased_execution_intensity_10x,trending,1,market_maker_filled_quantity,1691,1691,0
avellaneda_stoikov_minus_naive,increased_execution_intensity_2x,trending,0,fill_rate,0.041,0.04,0.001
avellaneda_stoikov_minus_naive,increased_execution_intensity_2x,trending,0,gross_spread_capture,2130.81359228,2254.16992597,-123.35633369
avellaneda_stoikov_minus_naive,increased_execution_intensity_2x,trending,0,inventory_pnl,-11654.1123685,-12398.946344,744.8339755
avellaneda_stoikov_minus_naive,increased_execution_intensity_2x,trending,0,adverse_selection_cost,407.908584181,369.323691238,38.584892943
avellaneda_stoikov_minus_naive,increased_execution_intensity_2x,trending,0,fee_pnl,8.2,8,0.2
avellaneda_stoikov_minus_naive,increased_execution_intensity_2x,trending,0,net_pnl_after_fees,-9515.09877624,-10136.776418,621.67764176
avellaneda_stoikov_minus_naive,increased_execution_intensity_2x,trending,0,terminal_liquidation_cost,0,0,0
avellaneda_stoikov_minus_naive,increased_execution_intensity_2x,trending,0,terminal_inventory_penalty,0,0,0
avellaneda_stoikov_minus_naive,increased_execution_intensity_2x,trending,0,risk_adjusted_pnl,-0.840380424791,-0.840272853628,-0.000107571163
avellaneda_stoikov_minus_naive,increased_execution_intensity_2x,trending,0,maximum_drawdown,11322.3707925,12063.6723825,-741.30159
avellaneda_stoikov_minus_naive,increased_execution_intensity_2x,trending,0,inventory_variance,1095.54361404,1333.40130044,-237.8576864
avellaneda_stoikov_minus_naive,increased_execution_intensity_2x,trending,0,pre_liquidation_inventory,-90,-100,10
avellaneda_stoikov_minus_naive,increased_execution_intensity_2x,trending,0,final_inventory,-90,-100,10
avellaneda_stoikov_minus_naive,increased_execution_intensity_2x,trending,0,maker_fills,42,41,1
avellaneda_stoikov_minus_naive,increased_execution_intensity_2x,trending,0,market_maker_filled_quantity,410,400,10
avellaneda_stoikov_minus_naive,increased_execution_intensity_2x,trending,1,fill_rate,0.043,0.042,0.001
avellaneda_stoikov_minus_naive,increased_execution_intensity_2x,trending,1,gross_spread_capture,1986.8022149,2186.20301551,-199.40080061
avellaneda_stoikov_minus_naive,increased_execution_intensity_2x,trending,1,inventory_pnl,-6071.94657822,-6109.63259106,37.68601284
avellaneda_stoikov_minus_naive,increased_execution_intensity_2x,trending,1,adverse_selection_cost,240.009674294,210.009674294,30
avellaneda_stoikov_minus_naive,increased_execution_intensity_2x,trending,1,fee_pnl,8.6,8.4,0.2
avellaneda_stoikov_minus_naive,increased_execution_intensity_2x,trending,1,net_pnl_after_fees,-4076.54436332,-3915.02957555,-161.51478777
avellaneda_stoikov_minus_naive,increased_execution_intensity_2x,trending,1,terminal_liquidation_cost,0,0,0
avellaneda_stoikov_minus_naive,increased_execution_intensity_2x,trending,1,terminal_inventory_penalty,0,0,0
avellaneda_stoikov_minus_naive,increased_execution_intensity_2x,trending,1,risk_adjusted_pnl,-0.788907086343,-0.787025393894,-0.001881692449
avellaneda_stoikov_minus_naive,increased_execution_intensity_2x,trending,1,maximum_drawdown,5167.33140555,4974.46410996,192.86729559
avellaneda_stoikov_minus_naive,increased_execution_intensity_2x,trending,1,inventory_variance,447.759356,396.0375,51.721856
avellaneda_stoikov_minus_naive,increased_execution_intensity_2x,trending,1,pre_liquidation_inventory,30,20,10
avellaneda_stoikov_minus_naive,increased_execution_intensity_2x,trending,1,final_inventory,30,20,10
avellaneda_stoikov_minus_naive,increased_execution_intensity_2x,trending,1,maker_fills,43,42,1
avellaneda_stoikov_minus_naive,increased_execution_intensity_2x,trending,1,market_maker_filled_quantity,430,420,10
avellaneda_stoikov_minus_naive,increased_execution_intensity_5x,trending,0,fill_rate,0.1021,0.1021,0
avellaneda_stoikov_minus_naive,increased_execution_intensity_5x,trending,0,gross_spread_capture,4767.85896401,5288.85896401,-521
avellaneda_stoikov_minus_naive,increased_execution_intensity_5x,trending,0,inventory_pnl,-15511.4876179,-15511.4876179,0
avellaneda_stoikov_minus_naive,increased_execution_intensity_5x,trending,0,adverse_selection_cost,709.366895145,645.002583033,64.364312112
avellaneda_stoikov_minus_naive,increased_execution_intensity_5x,trending,0,fee_pnl,20.42,20.42,0
avellaneda_stoikov_minus_naive,increased_execution_intensity_5x,trending,0,net_pnl_after_fees,-10723.2086539,-10202.2086539,-521
avellaneda_stoikov_minus_naive,increased_execution_intensity_5x,trending,0,terminal_liquidation_cost,0,0,0
avellaneda_stoikov_minus_naive,increased_execution_intensity_5x,trending,0,terminal_inventory_penalty,0,0,0
avellaneda_stoikov_minus_naive,increased_execution_intensity_5x,trending,0,risk_adjusted_pnl,-0.785110264279,-0.763740132454,-0.021370131825
avellaneda_stoikov_minus_naive,increased_execution_intensity_5x,trending,0,maximum_drawdown,13658.2199237,13358.2199237,300
avellaneda_stoikov_minus_naive,increased_execution_intensity_5x,trending,0,inventory_variance,1284.698959,1284.698959,0
avellaneda_stoikov_minus_naive,increased_execution_intensity_5x,trending,0,pre_liquidation_inventory,-99,-99,0
avellaneda_stoikov_minus_naive,increased_execution_intensity_5x,trending,0,final_inventory,-99,-99,0
avellaneda_stoikov_minus_naive,increased_execution_intensity_5x,trending,0,maker_fills,104,104,0
avellaneda_stoikov_minus_naive,increased_execution_intensity_5x,trending,0,market_maker_filled_quantity,1021,1021,0
avellaneda_stoikov_minus_naive,increased_execution_intensity_5x,trending,1,fill_rate,0.08,0.08,0
avellaneda_stoikov_minus_naive,increased_execution_intensity_5x,trending,1,gross_spread_capture,3852.60180237,4242.60180237,-390
avellaneda_stoikov_minus_naive,increased_execution_intensity_5x,trending,1,inventory_pnl,8543.39116881,8543.39116881,0
avellaneda_stoikov_minus_naive,increased_execution_intensity_5x,trending,1,adverse_selection_cost,476.862938074,427.505454489,49.357483585
avellaneda_stoikov_minus_naive,increased_execution_intensity_5x,trending,1,fee_pnl,16,16,0
avellaneda_stoikov_minus_naive,increased_execution_intensity_5x,trending,1,net_pnl_after_fees,12411.9929712,12801.9929712,-390
avellaneda_stoikov_minus_naive,increased_execution_intensity_5x,trending,1,terminal_liquidation_cost,0,0,0
avellaneda_stoikov_minus_naive,increased_execution_intensity_5x,trending,1,terminal_inventory_penalty,0,0,0
avellaneda_stoikov_minus_naive,increased_execution_intensity_5x,trending,1,risk_adjusted_pnl,4.78096809544,4.9311919605,-0.15022386506
avellaneda_stoikov_minus_naive,increased_execution_intensity_5x,trending,1,maximum_drawdown,2596.1254548,2596.1254548,0
avellaneda_stoikov_minus_naive,increased_execution_intensity_5x,trending,1,inventory_variance,2148.228976,2148.228976,0
avellaneda_stoikov_minus_naive,increased_execution_intensity_5x,trending,1,pre_liquidation_inventory,140,140,0
avellaneda_stoikov_minus_naive,increased_execution_intensity_5x,trending,1,final_inventory,140,140,0
avellaneda_stoikov_minus_naive,increased_execution_intensity_5x,trending,1,maker_fills,80,80,0
avellaneda_stoikov_minus_naive,increased_execution_intensity_5x,trending,1,market_maker_filled_quantity,800,800,0
avellaneda_stoikov_minus_naive,inventory_cap_5000,trending,0,fill_rate,0.5341,0.5311,0.003
avellaneda_stoikov_minus_naive,inventory_cap_5000,trending,0,gross_spread_capture,-30953.32786,-30873.8291557,-79.4987043
avellaneda_stoikov_minus_naive,inventory_cap_5000,trending,0,inventory_pnl,66392.32786,69089.8291557,-2697.5012957
avellaneda_stoikov_minus_naive,inventory_cap_5000,trending,0,adverse_selection_cost,2677.72232151,2174.05730488,503.66501663
avellaneda_stoikov_minus_naive,inventory_cap_5000,trending,0,fee_pnl,-36.94,-39.94,3
avellaneda_stoikov_minus_naive,inventory_cap_5000,trending,0,net_pnl_after_fees,35402.06,38176.06,-2774
avellaneda_stoikov_minus_naive,inventory_cap_5000,trending,0,terminal_liquidation_cost,71242.5322322,72866.9651577,-1624.4329255
avellaneda_stoikov_minus_naive,inventory_cap_5000,trending,0,terminal_inventory_penalty,898.5,913.5,-15
avellaneda_stoikov_minus_naive,inventory_cap_5000,trending,0,risk_adjusted_pnl,0.402480573308,0.425308704787,-0.022828131479
avellaneda_stoikov_minus_naive,inventory_cap_5000,trending,0,maximum_drawdown,85727.2680675,87612.9728374,-1885.7047699
avellaneda_stoikov_minus_naive,inventory_cap_5000,trending,0,inventory_variance,348610.472231,361720.507884,-13110.035653
avellaneda_stoikov_minus_naive,inventory_cap_5000,trending,0,pre_liquidation_inventory,1797,1827,-30
avellaneda_stoikov_minus_naive,inventory_cap_5000,trending,0,final_inventory,0,0,0
avellaneda_stoikov_minus_naive,inventory_cap_5000,trending,0,maker_fills,570,567,3
avellaneda_stoikov_minus_naive,inventory_cap_5000,trending,0,market_maker_filled_quantity,7138,7138,0
avellaneda_stoikov_minus_naive,inventory_cap_5000,trending,1,fill_rate,0.5056,0.5036,0.002
avellaneda_stoikov_minus_naive,inventory_cap_5000,trending,1,gross_spread_capture,-41200.5758762,-39657.1150399,-1543.4608363
avellaneda_stoikov_minus_naive,inventory_cap_5000,trending,1,inventory_pnl,53780.5758762,53507.1150398,273.4608364
avellaneda_stoikov_minus_naive,inventory_cap_5000,trending,1,adverse_selection_cost,2933.34835045,2478.70778278,454.64056767
avellaneda_stoikov_minus_naive,inventory_cap_5000,trending,1,fee_pnl,-52.32,-52.72,0.4
avellaneda_stoikov_minus_naive,inventory_cap_5000,trending,1,net_pnl_after_fees,12527.68,13797.28,-1269.6
avellaneda_stoikov_minus_naive,inventory_cap_5000,trending,1,terminal_liquidation_cost,84600.1037051,84600.1037051,0
avellaneda_stoikov_minus_naive,inventory_cap_5000,trending,1,terminal_inventory_penalty,959,959,0
avellaneda_stoikov_minus_naive,inventory_cap_5000,trending,1,risk_adjusted_pnl,0.104086415351,0.115519729547,-0.011433314196
avellaneda_stoikov_minus_naive,inventory_cap_5000,trending,1,maximum_drawdown,111144.955478,111134.955478,10
avellaneda_stoikov_minus_naive,inventory_cap_5000,trending,1,inventory_variance,403447.649195,404372.792288,-925.143093
avellaneda_stoikov_minus_naive,inventory_cap_5000,trending,1,pre_liquidation_inventory,1918,1918,0
avellaneda_stoikov_minus_naive,inventory_cap_5000,trending,1,final_inventory,0,0,0
avellaneda_stoikov_minus_naive,inventory_cap_5000,trending,1,maker_fills,540,538,2
avellaneda_stoikov_minus_naive,inventory_cap_5000,trending,1,market_maker_filled_quantity,6974,6954,20
avellaneda_stoikov_minus_naive,itch_calibrated_flow,trending,0,fill_rate,0.023,0.023,0
avellaneda_stoikov_minus_naive,itch_calibrated_flow,trending,0,gross_spread_capture,1067.95078405,1187.95078405,-120
avellaneda_stoikov_minus_naive,itch_calibrated_flow,trending,0,inventory_pnl,-5782.38370947,-5782.38370947,0
avellaneda_stoikov_minus_naive,itch_calibrated_flow,trending,0,adverse_selection_cost,69.0555339221,69.0555339221,0
avellaneda_stoikov_minus_naive,itch_calibrated_flow,trending,0,fee_pnl,4.6,4.6,0
avellaneda_stoikov_minus_naive,itch_calibrated_flow,trending,0,net_pnl_after_fees,-4709.83292541,-4589.83292541,-120
avellaneda_stoikov_minus_naive,itch_calibrated_flow,trending,0,terminal_liquidation_cost,0,0,0
avellaneda_stoikov_minus_naive,itch_calibrated_flow,trending,0,terminal_inventory_penalty,0,0,0
avellaneda_stoikov_minus_naive,itch_calibrated_flow,trending,0,risk_adjusted_pnl,-0.814999394059,-0.802567014742,-0.012432379317
avellaneda_stoikov_minus_naive,itch_calibrated_flow,trending,0,maximum_drawdown,5778.94040137,5718.94040137,60
avellaneda_stoikov_minus_naive,itch_calibrated_flow,trending,0,inventory_variance,361.25974044,361.25974044,0
avellaneda_stoikov_minus_naive,itch_calibrated_flow,trending,0,pre_liquidation_inventory,-30,-30,0
avellaneda_stoikov_minus_naive,itch_calibrated_flow,trending,0,final_inventory,-30,-30,0
avellaneda_stoikov_minus_naive,itch_calibrated_flow,trending,0,maker_fills,24,24,0
avellaneda_stoikov_minus_naive,itch_calibrated_flow,trending,0,market_maker_filled_quantity,230,230,0
avellaneda_stoikov_minus_naive,itch_calibrated_flow,trending,1,fill_rate,0.021,0.021,0
avellaneda_stoikov_minus_naive,itch_calibrated_flow,trending,1,gross_spread_capture,1041.04604167,1121.04604167,-80
avellaneda_stoikov_minus_naive,itch_calibrated_flow,trending,1,inventory_pnl,-1156.19040499,-1156.19040499,0
avellaneda_stoikov_minus_naive,itch_calibrated_flow,trending,1,adverse_selection_cost,96.0085266846,82.2988709339,13.7096557507
avellaneda_stoikov_minus_naive,itch_calibrated_flow,trending,1,fee_pnl,4.2,4.2,0
avellaneda_stoikov_minus_naive,itch_calibrated_flow,trending,1,net_pnl_after_fees,-110.94436332,-30.94436332,-80
avellaneda_stoikov_minus_naive,itch_calibrated_flow,trending,1,terminal_liquidation_cost,0,0,0
avellaneda_stoikov_minus_naive,itch_calibrated_flow,trending,1,terminal_inventory_penalty,0,0,0
avellaneda_stoikov_minus_naive,itch_calibrated_flow,trending,1,risk_adjusted_pnl,-0.1049696668,-0.0292779138106,-0.0756917529894
avellaneda_stoikov_minus_naive,itch_calibrated_flow,trending,1,maximum_drawdown,1056.91831461,1056.91831461,0
avellaneda_stoikov_minus_naive,itch_calibrated_flow,trending,1,inventory_variance,223.769884,223.769884,0
avellaneda_stoikov_minus_naive,itch_calibrated_flow,trending,1,pre_liquidation_inventory,30,30,0
avellaneda_stoikov_minus_naive,itch_calibrated_flow,trending,1,final_inventory,30,30,0
avellaneda_stoikov_minus_naive,itch_calibrated_flow,trending,1,maker_fills,21,21,0
avellaneda_stoikov_minus_naive,itch_calibrated_flow,trending,1,market_maker_filled_quantity,210,210,0
avellaneda_stoikov_minus_naive,quote_size_1,trending,0,fill_rate,0.023,0.023,0
avellaneda_stoikov_minus_naive,quote_size_1,trending,0,gross_spread_capture,106.392389624,118.392389624,-12
avellaneda_stoikov_minus_naive,quote_size_1,trending,0,inventory_pnl,-577.835682165,-577.835682165,0
avellaneda_stoikov_minus_naive,quote_size_1,trending,0,adverse_selection_cost,6.90555339221,6.90555339221,0
avellaneda_stoikov_minus_naive,quote_size_1,trending,0,fee_pnl,0.46,0.46,0
avellaneda_stoikov_minus_naive,quote_size_1,trending,0,net_pnl_after_fees,-470.983292541,-458.983292541,-12
avellaneda_stoikov_minus_naive,quote_size_1,trending,0,terminal_liquidation_cost,0,0,0
avellaneda_stoikov_minus_naive,quote_size_1,trending,0,terminal_inventory_penalty,0,0,0
avellaneda_stoikov_minus_naive,quote_size_1,trending,0,risk_adjusted_pnl,-0.814999394058,-0.802567014742,-0.012432379316
avellaneda_stoikov_minus_naive,quote_size_1,trending,0,maximum_drawdown,577.894040137,571.894040137,6
avellaneda_stoikov_minus_naive,quote_size_1,trending,0,inventory_variance,3.61227504,3.61227504,0
avellaneda_stoikov_minus_naive,quote_size_1,trending,0,pre_liquidation_inventory,-3,-3,0
avellaneda_stoikov_minus_naive,quote_size_1,trending,0,final_inventory,-3,-3,0
avellaneda_stoikov_minus_naive,quote_size_1,trending,0,maker_fills,23,23,0
avellaneda_stoikov_minus_naive,quote_size_1,trending,0,market_maker_filled_quantity,23,23,0
avellaneda_stoikov_minus_naive,quote_size_1,trending,1,fill_rate,0.021,0.021,0
avellaneda_stoikov_minus_naive,quote_size_1,trending,1,gross_spread_capture,104.104604167,112.104604167,-8
avellaneda_stoikov_minus_naive,quote_size_1,trending,1,inventory_pnl,-115.619040499,-115.619040499,0
avellaneda_stoikov_minus_naive,quote_size_1,trending,1,adverse_selection_cost,9.60085266846,8.22988709339,1.37096557507
avellaneda_stoikov_minus_naive,quote_size_1,trending,1,fee_pnl,0.42,0.42,0
avellaneda_stoikov_minus_naive,quote_size_1,trending,1,net_pnl_after_fees,-11.0944363318,-3.09443633183,-7.99999999997
avellaneda_stoikov_minus_naive,quote_size_1,trending,1,terminal_liquidation_cost,0,0,0
avellaneda_stoikov_minus_naive,quote_size_1,trending,1,terminal_inventory_penalty,0,0,0
avellaneda_stoikov_minus_naive,quote_size_1,trending,1,risk_adjusted_pnl,-0.104969666799,-0.0292779138089,-0.0756917529901
avellaneda_stoikov_minus_naive,quote_size_1,trending,1,maximum_drawdown,105.691831461,105.691831461,0
avellaneda_stoikov_minus_naive,quote_size_1,trending,1,inventory_variance,2.23769884,2.23769884,0
avellaneda_stoikov_minus_naive,quote_size_1,trending,1,pre_liquidation_inventory,3,3,0
avellaneda_stoikov_minus_naive,quote_size_1,trending,1,final_inventory,3,3,0
avellaneda_stoikov_minus_naive,quote_size_1,trending,1,maker_fills,21,21,0
avellaneda_stoikov_minus_naive,quote_size_1,trending,1,market_maker_filled_quantity,21,21,0
avellaneda_stoikov_minus_naive,quote_size_10,trending,0,fill_rate,0.023,0.023,0
avellaneda_stoikov_minus_naive,quote_size_10,trending,0,gross_spread_capture,1067.95078405,1187.95078405,-120
avellaneda_stoikov_minus_naive,quote_size_10,trending,0,inventory_pnl,-5782.38370947,-5782.38370947,0
avellaneda_stoikov_minus_naive,quote_size_10,trending,0,adverse_selection_cost,69.0555339221,69.0555339221,0
avellaneda_stoikov_minus_naive,quote_size_10,trending,0,fee_pnl,4.6,4.6,0
avellaneda_stoikov_minus_naive,quote_size_10,trending,0,net_pnl_after_fees,-4709.83292541,-4589.83292541,-120
avellaneda_stoikov_minus_naive,quote_size_10,trending,0,terminal_liquidation_cost,0,0,0
avellaneda_stoikov_minus_naive,quote_size_10,trending,0,terminal_inventory_penalty,0,0,0
avellaneda_stoikov_minus_naive,quote_size_10,trending,0,risk_adjusted_pnl,-0.814999394059,-0.802567014742,-0.012432379317
avellaneda_stoikov_minus_naive,quote_size_10,trending,0,maximum_drawdown,5778.94040137,5718.94040137,60
avellaneda_stoikov_minus_naive,quote_size_10,trending,0,inventory_variance,361.25974044,361.25974044,0
avellaneda_stoikov_minus_naive,quote_size_10,trending,0,pre_liquidation_inventory,-30,-30,0
avellaneda_stoikov_minus_naive,quote_size_10,trending,0,final_inventory,-30,-30,0
avellaneda_stoikov_minus_naive,quote_size_10,trending,0,maker_fills,24,24,0
avellaneda_stoikov_minus_naive,quote_size_10,trending,0,market_maker_filled_quantity,230,230,0
avellaneda_stoikov_minus_naive,quote_size_10,trending,1,fill_rate,0.021,0.021,0
avellaneda_stoikov_minus_naive,quote_size_10,trending,1,gross_spread_capture,1041.04604167,1121.04604167,-80
avellaneda_stoikov_minus_naive,quote_size_10,trending,1,inventory_pnl,-1156.19040499,-1156.19040499,0
avellaneda_stoikov_minus_naive,quote_size_10,trending,1,adverse_selection_cost,96.0085266846,82.2988709339,13.7096557507
avellaneda_stoikov_minus_naive,quote_size_10,trending,1,fee_pnl,4.2,4.2,0
avellaneda_stoikov_minus_naive,quote_size_10,trending,1,net_pnl_after_fees,-110.94436332,-30.94436332,-80
avellaneda_stoikov_minus_naive,quote_size_10,trending,1,terminal_liquidation_cost,0,0,0
avellaneda_stoikov_minus_naive,quote_size_10,trending,1,terminal_inventory_penalty,0,0,0
avellaneda_stoikov_minus_naive,quote_size_10,trending,1,risk_adjusted_pnl,-0.1049696668,-0.0292779138106,-0.0756917529894
avellaneda_stoikov_minus_naive,quote_size_10,trending,1,maximum_drawdown,1056.91831461,1056.91831461,0
avellaneda_stoikov_minus_naive,quote_size_10,trending,1,inventory_variance,223.769884,223.769884,0
avellaneda_stoikov_minus_naive,quote_size_10,trending,1,pre_liquidation_inventory,30,30,0
avellaneda_stoikov_minus_naive,quote_size_10,trending,1,final_inventory,30,30,0
avellaneda_stoikov_minus_naive,quote_size_10,trending,1,maker_fills,21,21,0
avellaneda_stoikov_minus_naive,quote_size_10,trending,1,market_maker_filled_quantity,210,210,0
avellaneda_stoikov_minus_naive,quote_size_100,trending,0,fill_rate,0.02259,0.02259,0
avellaneda_stoikov_minus_naive,quote_size_100,trending,0,gross_spread_capture,10527.7010563,11686.7010563,-1159
avellaneda_stoikov_minus_naive,quote_size_100,trending,0,inventory_pnl,-61040.0886419,-61040.0886419,0
avellaneda_stoikov_minus_naive,quote_size_100,trending,0,adverse_selection_cost,744.743048042,690.555339221,54.187708821
avellaneda_stoikov_minus_naive,quote_size_100,trending,0,fee_pnl,45.18,45.18,0
avellaneda_stoikov_minus_naive,quote_size_100,trending,0,net_pnl_after_fees,-50467.2075855,-49308.2075855,-1159
avellaneda_stoikov_minus_naive,quote_size_100,trending,0,terminal_liquidation_cost,0,0,0
avellaneda_stoikov_minus_naive,quote_size_100,trending,0,terminal_inventory_penalty,0,0,0
avellaneda_stoikov_minus_naive,quote_size_100,trending,0,risk_adjusted_pnl,-0.820261684764,-0.808772244585,-0.011489440179
avellaneda_stoikov_minus_naive,quote_size_100,trending,0,maximum_drawdown,61525.7405325,60966.7405325,559
avellaneda_stoikov_minus_naive,quote_size_100,trending,0,inventory_variance,40775.1034622,40775.1034622,0
avellaneda_stoikov_minus_naive,quote_size_100,trending,0,pre_liquidation_inventory,-341,-341,0
avellaneda_stoikov_minus_naive,quote_size_100,trending,0,final_inventory,-341,-341,0
avellaneda_stoikov_minus_naive,quote_size_100,trending,0,maker_fills,24,24,0
avellaneda_stoikov_minus_naive,quote_size_100,trending,0,market_maker_filled_quantity,2259,2259,0
avellaneda_stoikov_minus_naive,quote_size_100,trending,1,fill_rate,0.021,0.021,0
avellaneda_stoikov_minus_naive,quote_size_100,trending,1,gross_spread_capture,10410.4604167,11210.4604167,-800
avellaneda_stoikov_minus_naive,quote_size_100,trending,1,inventory_pnl,-11561.9040499,-11561.9040499,0
avellaneda_stoikov_minus_naive,quote_size_100,trending,1,adverse_selection_cost,960.085266846,822.988709339,137.096557507
avellaneda_stoikov_minus_naive,quote_size_100,trending,1,fee_pnl,42,42,0
avellaneda_stoikov_minus_naive,quote_size_100,trending,1,net_pnl_after_fees,-1109.44363319,-309.443633193,-799.999999997
avellaneda_stoikov_minus_naive,quote_size_100,trending,1,terminal_liquidation_cost,0,0,0
avellaneda_stoikov_minus_naive,quote_size_100,trending,1,terminal_inventory_penalty,0,0,0
avellaneda_stoikov_minus_naive,quote_size_100,trending,1,risk_adjusted_pnl,-0.1049696668,-0.0292779138099,-0.0756917529901
avellaneda_stoikov_minus_naive,quote_size_100,trending,1,maximum_drawdown,10569.1831461,10569.1831461,0
avellaneda_stoikov_minus_naive,quote_size_100,trending,1,inventory_variance,22376.9884,22376.9884,0
avellaneda_stoikov_minus_naive,quote_size_100,trending,1,pre_liquidation_inventory,300,300,0
avellaneda_stoikov_minus_naive,quote_size_100,trending,1,final_inventory,300,300,0
avellaneda_stoikov_minus_naive,quote_size_100,trending,1,maker_fills,21,21,0
avellaneda_stoikov_minus_naive,quote_size_100,trending,1,market_maker_filled_quantity,2100,2100,0
avellaneda_stoikov_minus_naive,requote_frequency_fast_5,trending,0,fill_rate,0.0115,0.0115,0
avellaneda_stoikov_minus_naive,requote_frequency_fast_5,trending,0,gross_spread_capture,1027.95078405,1157.95078405,-130
avellaneda_stoikov_minus_naive,requote_frequency_fast_5,trending,0,inventory_pnl,-5782.38370947,-5782.38370947,0
avellaneda_stoikov_minus_naive,requote_frequency_fast_5,trending,0,adverse_selection_cost,88.1681546083,78.1681546083,10
avellaneda_stoikov_minus_naive,requote_frequency_fast_5,trending,0,fee_pnl,4.6,4.6,0
avellaneda_stoikov_minus_naive,requote_frequency_fast_5,trending,0,net_pnl_after_fees,-4749.83292541,-4619.83292541,-130
avellaneda_stoikov_minus_naive,requote_frequency_fast_5,trending,0,terminal_liquidation_cost,0,0,0
avellaneda_stoikov_minus_naive,requote_frequency_fast_5,trending,0,terminal_inventory_penalty,0,0,0
avellaneda_stoikov_minus_naive,requote_frequency_fast_5,trending,0,risk_adjusted_pnl,-0.816271107417,-0.802201898863,-0.014069208554
avellaneda_stoikov_minus_naive,requote_frequency_fast_5,trending,0,maximum_drawdown,5818.94040137,5758.94040137,60
avellaneda_stoikov_minus_naive,requote_frequency_fast_5,trending,0,inventory_variance,361.25974044,361.25974044,0
avellaneda_stoikov_minus_naive,requote_frequency_fast_5,trending,0,pre_liquidation_inventory,-30,-30,0
avellaneda_stoikov_minus_naive,requote_frequency_fast_5,trending,0,final_inventory,-30,-30,0
avellaneda_stoikov_minus_naive,requote_frequency_fast_5,trending,0,maker_fills,24,24,0
avellaneda_stoikov_minus_naive,requote_frequency_fast_5,trending,0,market_maker_filled_quantity,230,230,0
avellaneda_stoikov_minus_naive,requote_frequency_fast_5,trending,1,fill_rate,0.0105,0.0105,0
avellaneda_stoikov_minus_naive,requote_frequency_fast_5,trending,1,gross_spread_capture,1101.04604167,1201.04604167,-100
avellaneda_stoikov_minus_naive,requote_frequency_fast_5,trending,1,inventory_pnl,-1156.19040499,-1156.19040499,0
avellaneda_stoikov_minus_naive,requote_frequency_fast_5,trending,1,adverse_selection_cost,112.298870934,90.1326807757,22.1661901583
avellaneda_stoikov_minus_naive,requote_frequency_fast_5,trending,1,fee_pnl,4.2,4.2,0
avellaneda_stoikov_minus_naive,requote_frequency_fast_5,trending,1,net_pnl_after_fees,-50.94436332,49.05563668,-100
avellaneda_stoikov_minus_naive,requote_frequency_fast_5,trending,1,terminal_liquidation_cost,0,0,0
avellaneda_stoikov_minus_naive,requote_frequency_fast_5,trending,1,terminal_inventory_penalty,0,0,0
avellaneda_stoikov_minus_naive,requote_frequency_fast_5,trending,1,risk_adjusted_pnl,-0.048200852058,0.0464138391793,-0.0946146912373
avellaneda_stoikov_minus_naive,requote_frequency_fast_5,trending,1,maximum_drawdown,1056.91831461,1056.91831461,0
avellaneda_stoikov_minus_naive,requote_frequency_fast_5,trending,1,inventory_variance,223.769884,223.769884,0
avellaneda_stoikov_minus_naive,requote_frequency_fast_5,trending,1,pre_liquidation_inventory,30,30,0
avellaneda_stoikov_minus_naive,requote_frequency_fast_5,trending,1,final_inventory,30,30,0
avellaneda_stoikov_minus_naive,requote_frequency_fast_5,trending,1,maker_fills,21,21,0
avellaneda_stoikov_minus_naive,requote_frequency_fast_5,trending,1,market_maker_filled_quantity,210,210,0
avellaneda_stoikov_minus_naive,requote_frequency_slow_25,trending,0,fill_rate,0.06,0.06,0
avellaneda_stoikov_minus_naive,requote_frequency_slow_25,trending,0,gross_spread_capture,1165.83949707,1255.83949707,-90
avellaneda_stoikov_minus_naive,requote_frequency_slow_25,trending,0,inventory_pnl,-6571.75006429,-6571.75006429,0
avellaneda_stoikov_minus_naive,requote_frequency_slow_25,trending,0,adverse_selection_cost,203.307734047,193.307734047,10
avellaneda_stoikov_minus_naive,requote_frequency_slow_25,trending,0,fee_pnl,4.8,4.8,0
avellaneda_stoikov_minus_naive,requote_frequency_slow_25,trending,0,net_pnl_after_fees,-5401.11056722,-5311.11056722,-90
avellaneda_stoikov_minus_naive,requote_frequency_slow_25,trending,0,terminal_liquidation_cost,0,0,0
avellaneda_stoikov_minus_naive,requote_frequency_slow_25,trending,0,terminal_inventory_penalty,0,0,0
avellaneda_stoikov_minus_naive,requote_frequency_slow_25,trending,0,risk_adjusted_pnl,-0.806154917416,-0.795918313784,-0.010236603632
avellaneda_stoikov_minus_naive,requote_frequency_slow_25,trending,0,maximum_drawdown,6699.84199133,6672.93423865,26.90775268
avellaneda_stoikov_minus_naive,requote_frequency_slow_25,trending,0,inventory_variance,496.14489404,496.14489404,0
avellaneda_stoikov_minus_naive,requote_frequency_slow_25,trending,0,pre_liquidation_inventory,-40,-40,0
avellaneda_stoikov_minus_naive,requote_frequency_slow_25,trending,0,final_inventory,-40,-40,0
avellaneda_stoikov_minus_naive,requote_frequency_slow_25,trending,0,maker_fills,25,25,0
avellaneda_stoikov_minus_naive,requote_frequency_slow_25,trending,0,market_maker_filled_quantity,240,240,0
avellaneda_stoikov_minus_naive,requote_frequency_slow_25,trending,1,fill_rate,0.05,0.05,0
avellaneda_stoikov_minus_naive,requote_frequency_slow_25,trending,1,gross_spread_capture,1013.98936187,1103.98936187,-90
avellaneda_stoikov_minus_naive,requote_frequency_slow_25,trending,1,inventory_pnl,-1957.41893742,-1957.41893742,0
avellaneda_stoikov_minus_naive,requote_frequency_slow_25,trending,1,adverse_selection_cost,81.1270802337,59.132942274,21.9941379597
avellaneda_stoikov_minus_naive,requote_frequency_slow_25,trending,1,fee_pnl,4,4,0
avellaneda_stoikov_minus_naive,requote_frequency_slow_25,trending,1,net_pnl_after_fees,-939.429575547,-849.429575547,-90
avellaneda_stoikov_minus_naive,requote_frequency_slow_25,trending,1,terminal_liquidation_cost,0,0,0
avellaneda_stoikov_minus_naive,requote_frequency_slow_25,trending,1,terminal_inventory_penalty,0,0,0
avellaneda_stoikov_minus_naive,requote_frequency_slow_25,trending,1,risk_adjusted_pnl,-0.544053885748,-0.512717160748,-0.031336725
avellaneda_stoikov_minus_naive,requote_frequency_slow_25,trending,1,maximum_drawdown,1726.72156225,1656.72156225,70
avellaneda_stoikov_minus_naive,requote_frequency_slow_25,trending,1,inventory_variance,220.0204,220.0204,0
avellaneda_stoikov_minus_naive,requote_frequency_slow_25,trending,1,pre_liquidation_inventory,20,20,0
avellaneda_stoikov_minus_naive,requote_frequency_slow_25,trending,1,final_inventory,20,20,0
avellaneda_stoikov_minus_naive,requote_frequency_slow_25,trending,1,maker_fills,20,20,0
avellaneda_stoikov_minus_naive,requote_frequency_slow_25,trending,1,market_maker_filled_quantity,200,200,0
zero_queue_minus_normal_itch,zero_queue_control,trending,0,fill_rate_by_quote_count,0.0602094240838,0.023,0.0372094240838
itch_calibrated_minus_hand_chosen,itch_calibrated_flow,trending,0,fill_rate_by_quote_count,0.023,0.546,-0.523
execution_intensity_2x_minus_itch,increased_execution_intensity_2x,trending,0,fill_rate_by_quote_count,0.04,0.023,0.017
execution_intensity_5x_minus_itch,increased_execution_intensity_5x,trending,0,fill_rate_by_quote_count,0.103,0.023,0.08
execution_intensity_10x_minus_itch,increased_execution_intensity_10x,trending,0,fill_rate_by_quote_count,0.2,0.023,0.177
zero_queue_minus_normal_itch,zero_queue_control,trending,1,fill_rate_by_quote_count,0.0522193211488,0.021,0.0312193211488
itch_calibrated_minus_hand_chosen,itch_calibrated_flow,trending,1,fill_rate_by_quote_count,0.021,0.518,-0.497
execution_intensity_2x_minus_itch,increased_execution_intensity_2x,trending,1,fill_rate_by_quote_count,0.042,0.021,0.021
execution_intensity_5x_minus_itch,increased_execution_intensity_5x,trending,1,fill_rate_by_quote_count,0.08,0.021,0.059
execution_intensity_10x_minus_itch,increased_execution_intensity_10x,trending,1,fill_rate_by_quote_count,0.17,0.021,0.149
zero_queue_minus_normal_itch,zero_queue_control,trending,0,fill_rate_by_quote_count,0.0602094240838,0.023,0.0372094240838
itch_calibrated_minus_hand_chosen,itch_calibrated_flow,trending,0,fill_rate_by_quote_count,0.023,0.549,-0.526
execution_intensity_2x_minus_itch,increased_execution_intensity_2x,trending,0,fill_rate_by_quote_count,0.041,0.023,0.018
execution_intensity_5x_minus_itch,increased_execution_intensity_5x,trending,0,fill_rate_by_quote_count,0.103,0.023,0.08
execution_intensity_10x_minus_itch,increased_execution_intensity_10x,trending,0,fill_rate_by_quote_count,0.201,0.023,0.178
zero_queue_minus_normal_itch,zero_queue_control,trending,1,fill_rate_by_quote_count,0.0515463917526,0.021,0.0305463917526
itch_calibrated_minus_hand_chosen,itch_calibrated_flow,trending,1,fill_rate_by_quote_count,0.021,0.52,-0.499
execution_intensity_2x_minus_itch,increased_execution_intensity_2x,trending,1,fill_rate_by_quote_count,0.043,0.021,0.022
execution_intensity_5x_minus_itch,increased_execution_intensity_5x,trending,1,fill_rate_by_quote_count,0.08,0.021,0.059
execution_intensity_10x_minus_itch,increased_execution_intensity_10x,trending,1,fill_rate_by_quote_count,0.17,0.021,0.149
